The files belonging to this database system will be owned by user "postgres".
This user must also own the server process.

The database cluster will be initialized with this locale configuration:
  provider:    icu
  ICU locale:  en_US.UTF-8
  LC_COLLATE:  en_US.UTF-8
  LC_CTYPE:    en_US.UTF-8
  LC_MESSAGES: en_US.UTF-8
  LC_MONETARY: en_US.UTF-8
  LC_NUMERIC:  en_US.UTF-8
  LC_TIME:     en_US.UTF-8
The default text search configuration will be set to "english".

Data page checksums are disabled.

fixing permissions on existing directory /var/lib/postgresql/data ... ok
creating subdirectories ... ok
selecting dynamic shared memory implementation ... posix
selecting default max_connections ... 100
selecting default shared_buffers ... 128MB
selecting default time zone ... UTC
creating configuration files ... ok
running bootstrap script ... ok
performing post-bootstrap initialization ... ok
syncing data to disk ... ok


Success. You can now start the database server using:

    /nix/var/nix/profiles/default/bin/pg_ctl -D /var/lib/postgresql/data -l logfile start

initdb: warning: enabling "trust" authentication for local connections
initdb: hint: You can change this by editing pg_hba.conf or using the option -A, or --auth-local and --auth-host, the next time you run initdb.
waiting for server to start.... 2026-08-10 17:08:56.370 UTC [48] LOG:  pgaudit extension initialized
 2026-08-10 17:08:56.379 UTC [48] LOG:  pgsodium primary server secret key loaded
 2026-08-10 17:08:56.384 UTC [48] LOG:  vault primary server secret key loaded
 2026-08-10 17:08:56.412 UTC [48] LOG:  starting PostgreSQL 15.14 on x86_64-pc-linux-gnu, compiled by gcc (GCC) 15.2.0, 64-bit
 2026-08-10 17:08:56.413 UTC [48] LOG:  listening on Unix socket "/var/run/postgresql/.s.PGSQL.5432"
 2026-08-10 17:08:56.416 UTC [58] LOG:  database system was shut down at 2026-08-10 17:08:55 UTC
 2026-08-10 17:08:56.421 UTC [62] FATAL:  role "postgres" does not exist
 2026-08-10 17:08:56.422 UTC [48] LOG:  database system is ready to accept connections
 2026-08-10 17:08:56.422 UTC [61] LOG:  TimescaleDB background worker launcher connected to shared catalogs
 2026-08-10 17:08:56.423 UTC [48] LOG:  background worker "pg_net 0.20.4 worker" (PID 62) exited with exit code 1
 2026-08-10 17:08:56.426 UTC [63] LOG:  pg_cron scheduler started
 done
server started

/usr/local/bin/docker-entrypoint.sh: ignoring /docker-entrypoint-initdb.d/init-scripts

/usr/local/bin/docker-entrypoint.sh: running /docker-entrypoint-initdb.d/migrate.sh
DO
/docker-entrypoint-initdb.d/migrate.sh: running /docker-entrypoint-initdb.d/init-scripts/00-schema.sql
[local] 2026-08-10 17:08:56.484 UTC [75] postgres@postgres LOG:  statement: CREATE USER pgbouncer;
CREATE ROLE
[local] 2026-08-10 17:08:56.485 UTC [75] postgres@postgres LOG:  statement: REVOKE ALL PRIVILEGES ON SCHEMA public FROM pgbouncer;
REVOKE
[local] 2026-08-10 17:08:56.486 UTC [75] postgres@postgres LOG:  statement: CREATE SCHEMA pgbouncer AUTHORIZATION pgbouncer;
CREATE SCHEMA
[local] 2026-08-10 17:08:56.486 UTC [75] postgres@postgres LOG:  statement: CREATE OR REPLACE FUNCTION pgbouncer.get_auth(p_usename TEXT)
	RETURNS TABLE(username TEXT, password TEXT) AS
	$$
	BEGIN
	    RAISE WARNING 'PgBouncer auth request: %', p_usename;
	
	    RETURN QUERY
	    SELECT usename::TEXT, passwd::TEXT FROM pg_catalog.pg_shadow
	    WHERE usename = p_usename;
	END;
	$$ LANGUAGE plpgsql 
	SET search_path = ''
	SECURITY DEFINER;
CREATE FUNCTION
[local] 2026-08-10 17:08:56.487 UTC [75] postgres@postgres LOG:  statement: REVOKE ALL ON FUNCTION pgbouncer.get_auth(p_usename TEXT) FROM PUBLIC;
REVOKE
[local] 2026-08-10 17:08:56.488 UTC [75] postgres@postgres LOG:  statement: GRANT EXECUTE ON FUNCTION pgbouncer.get_auth(p_usename TEXT) TO pgbouncer;
GRANT
/docker-entrypoint-initdb.d/migrate.sh: running /docker-entrypoint-initdb.d/init-scripts/00000000000000-initial-schema.sql
[local] 2026-08-10 17:08:56.494 UTC [77] postgres@postgres LOG:  statement: create publication supabase_realtime;
CREATE PUBLICATION
[local] 2026-08-10 17:08:56.494 UTC [77] postgres@postgres LOG:  statement: alter user  supabase_admin with superuser createdb createrole replication bypassrls;
ALTER ROLE
[local] 2026-08-10 17:08:56.495 UTC [77] postgres@postgres LOG:  statement: create user supabase_replication_admin with login replication;
CREATE ROLE
[local] 2026-08-10 17:08:56.495 UTC [77] postgres@postgres LOG:  statement: create user supabase_etl_admin with login replication bypassrls;
CREATE ROLE
[local] 2026-08-10 17:08:56.495 UTC [77] postgres@postgres LOG:  statement: grant pg_read_all_data to supabase_etl_admin;
GRANT ROLE
[local] 2026-08-10 17:08:56.496 UTC [77] postgres@postgres LOG:  statement: grant create on database postgres to supabase_etl_admin;
GRANT
[local] 2026-08-10 17:08:56.496 UTC [77] postgres@postgres LOG:  statement: create role supabase_read_only_user with login bypassrls;
CREATE ROLE
[local] 2026-08-10 17:08:56.496 UTC [77] postgres@postgres LOG:  statement: grant pg_read_all_data to supabase_read_only_user;
GRANT ROLE
[local] 2026-08-10 17:08:56.496 UTC [77] postgres@postgres LOG:  statement: create schema if not exists extensions;
CREATE SCHEMA
[local] 2026-08-10 17:08:56.497 UTC [77] postgres@postgres LOG:  statement: create extension if not exists "uuid-ossp"      with schema extensions;
CREATE EXTENSION
[local] 2026-08-10 17:08:56.506 UTC [77] postgres@postgres LOG:  statement: create extension if not exists pgcrypto         with schema extensions;
CREATE EXTENSION
[local] 2026-08-10 17:08:56.514 UTC [77] postgres@postgres LOG:  statement: create role anon                nologin noinherit;
CREATE ROLE
[local] 2026-08-10 17:08:56.514 UTC [77] postgres@postgres LOG:  statement: create role authenticated       nologin noinherit;
CREATE ROLE
[local] 2026-08-10 17:08:56.514 UTC [77] postgres@postgres LOG:  statement: create role service_role        nologin noinherit bypassrls;
CREATE ROLE
[local] 2026-08-10 17:08:56.515 UTC [77] postgres@postgres LOG:  statement: create user authenticator noinherit;
CREATE ROLE
[local] 2026-08-10 17:08:56.515 UTC [77] postgres@postgres LOG:  statement: grant anon              to authenticator;
GRANT ROLE
[local] 2026-08-10 17:08:56.515 UTC [77] postgres@postgres LOG:  statement: grant authenticated     to authenticator;
GRANT ROLE
[local] 2026-08-10 17:08:56.515 UTC [77] postgres@postgres LOG:  statement: grant service_role      to authenticator;
GRANT ROLE
[local] 2026-08-10 17:08:56.516 UTC [77] postgres@postgres LOG:  statement: grant supabase_admin    to authenticator;
GRANT ROLE
[local] 2026-08-10 17:08:56.516 UTC [77] postgres@postgres LOG:  statement: grant usage                     on schema public to postgres, anon, authenticated, service_role;
GRANT
[local] 2026-08-10 17:08:56.516 UTC [77] postgres@postgres LOG:  statement: alter default privileges in schema public grant all on tables to postgres, anon, authenticated, service_role;
ALTER DEFAULT PRIVILEGES
[local] 2026-08-10 17:08:56.517 UTC [77] postgres@postgres LOG:  statement: alter default privileges in schema public grant all on functions to postgres, anon, authenticated, service_role;
ALTER DEFAULT PRIVILEGES
[local] 2026-08-10 17:08:56.517 UTC [77] postgres@postgres LOG:  statement: alter default privileges in schema public grant all on sequences to postgres, anon, authenticated, service_role;
ALTER DEFAULT PRIVILEGES
[local] 2026-08-10 17:08:56.517 UTC [77] postgres@postgres LOG:  statement: grant usage                     on schema extensions to postgres, anon, authenticated, service_role;
GRANT
[local] 2026-08-10 17:08:56.518 UTC [77] postgres@postgres LOG:  statement: alter user supabase_admin SET search_path TO public, extensions;
ALTER ROLE
[local] 2026-08-10 17:08:56.518 UTC [77] postgres@postgres LOG:  statement: alter default privileges for user supabase_admin in schema public grant all
	    on sequences to postgres, anon, authenticated, service_role;
ALTER DEFAULT PRIVILEGES
[local] 2026-08-10 17:08:56.518 UTC [77] postgres@postgres LOG:  statement: alter default privileges for user supabase_admin in schema public grant all
	    on tables to postgres, anon, authenticated, service_role;
ALTER DEFAULT PRIVILEGES
[local] 2026-08-10 17:08:56.519 UTC [77] postgres@postgres LOG:  statement: alter default privileges for user supabase_admin in schema public grant all
	    on functions to postgres, anon, authenticated, service_role;
ALTER DEFAULT PRIVILEGES
[local] 2026-08-10 17:08:56.519 UTC [77] postgres@postgres LOG:  statement: alter role anon set statement_timeout = '3s';
ALTER ROLE
[local] 2026-08-10 17:08:56.519 UTC [77] postgres@postgres LOG:  statement: alter role authenticated set statement_timeout = '8s';
ALTER ROLE
/docker-entrypoint-initdb.d/migrate.sh: running /docker-entrypoint-initdb.d/init-scripts/00000000000001-auth-schema.sql
[local] 2026-08-10 17:08:56.526 UTC [79] postgres@postgres LOG:  statement: CREATE SCHEMA IF NOT EXISTS auth AUTHORIZATION supabase_admin;
CREATE SCHEMA
[local] 2026-08-10 17:08:56.526 UTC [79] postgres@postgres LOG:  statement: CREATE TABLE auth.users (
	    instance_id uuid NULL,
	    id uuid NOT NULL UNIQUE,
	    aud varchar(255) NULL,
	    "role" varchar(255) NULL,
	    email varchar(255) NULL UNIQUE,
	    encrypted_password varchar(255) NULL,
	    confirmed_at timestamptz NULL,
	    invited_at timestamptz NULL,
	    confirmation_token varchar(255) NULL,
	    confirmation_sent_at timestamptz NULL,
	    recovery_token varchar(255) NULL,
	    recovery_sent_at timestamptz NULL,
	    email_change_token varchar(255) NULL,
	    email_change varchar(255) NULL,
	    email_change_sent_at timestamptz NULL,
	    last_sign_in_at timestamptz NULL,
	    raw_app_meta_data jsonb NULL,
	    raw_user_meta_data jsonb NULL,
	    is_super_admin bool NULL,
	    created_at timestamptz NULL,
	    updated_at timestamptz NULL,
	    CONSTRAINT users_pkey PRIMARY KEY (id)
	);
CREATE TABLE
[local] 2026-08-10 17:08:56.532 UTC [79] postgres@postgres LOG:  statement: CREATE INDEX users_instance_id_email_idx ON auth.users USING btree (instance_id, email);
CREATE INDEX
[local] 2026-08-10 17:08:56.533 UTC [79] postgres@postgres LOG:  statement: CREATE INDEX users_instance_id_idx ON auth.users USING btree (instance_id);
CREATE INDEX
[local] 2026-08-10 17:08:56.533 UTC [79] postgres@postgres LOG:  statement: comment on table auth.users is 'Auth: Stores user login data within a secure schema.';
COMMENT
[local] 2026-08-10 17:08:56.534 UTC [79] postgres@postgres LOG:  statement: CREATE TABLE auth.refresh_tokens (
	    instance_id uuid NULL,
	    id bigserial NOT NULL,
	    "token" varchar(255) NULL,
	    user_id varchar(255) NULL,
	    revoked bool NULL,
	    created_at timestamptz NULL,
	    updated_at timestamptz NULL,
	    CONSTRAINT refresh_tokens_pkey PRIMARY KEY (id)
	);
CREATE TABLE
[local] 2026-08-10 17:08:56.537 UTC [79] postgres@postgres LOG:  statement: CREATE INDEX refresh_tokens_instance_id_idx ON auth.refresh_tokens USING btree (instance_id);
CREATE INDEX
[local] 2026-08-10 17:08:56.538 UTC [79] postgres@postgres LOG:  statement: CREATE INDEX refresh_tokens_instance_id_user_id_idx ON auth.refresh_tokens USING btree (instance_id, user_id);
CREATE INDEX
[local] 2026-08-10 17:08:56.539 UTC [79] postgres@postgres LOG:  statement: CREATE INDEX refresh_tokens_token_idx ON auth.refresh_tokens USING btree (token);
CREATE INDEX
[local] 2026-08-10 17:08:56.540 UTC [79] postgres@postgres LOG:  statement: comment on table auth.refresh_tokens is 'Auth: Store of tokens used to refresh JWT tokens once they expire.';
COMMENT
[local] 2026-08-10 17:08:56.540 UTC [79] postgres@postgres LOG:  statement: CREATE TABLE auth.instances (
	    id uuid NOT NULL,
	    uuid uuid NULL,
	    raw_base_config text NULL,
	    created_at timestamptz NULL,
	    updated_at timestamptz NULL,
	    CONSTRAINT instances_pkey PRIMARY KEY (id)
	);
CREATE TABLE
[local] 2026-08-10 17:08:56.542 UTC [79] postgres@postgres LOG:  statement: comment on table auth.instances is 'Auth: Manages users across multiple sites.';
COMMENT
[local] 2026-08-10 17:08:56.542 UTC [79] postgres@postgres LOG:  statement: CREATE TABLE auth.audit_log_entries (
	    instance_id uuid NULL,
	    id uuid NOT NULL,
	    payload json NULL,
	    created_at timestamptz NULL,
	    CONSTRAINT audit_log_entries_pkey PRIMARY KEY (id)
	);
CREATE TABLE
[local] 2026-08-10 17:08:56.544 UTC [79] postgres@postgres LOG:  statement: CREATE INDEX audit_logs_instance_id_idx ON auth.audit_log_entries USING btree (instance_id);
CREATE INDEX
[local] 2026-08-10 17:08:56.545 UTC [79] postgres@postgres LOG:  statement: comment on table auth.audit_log_entries is 'Auth: Audit trail for user actions.';
COMMENT
[local] 2026-08-10 17:08:56.545 UTC [79] postgres@postgres LOG:  statement: CREATE TABLE auth.schema_migrations (
	    "version" varchar(255) NOT NULL,
	    CONSTRAINT schema_migrations_pkey PRIMARY KEY ("version")
	);
CREATE TABLE
[local] 2026-08-10 17:08:56.551 UTC [79] postgres@postgres LOG:  statement: comment on table auth.schema_migrations is 'Auth: Manages updates to the auth system.';
COMMENT
INSERT 0 7
[local] 2026-08-10 17:08:56.552 UTC [79] postgres@postgres LOG:  statement: create or replace function auth.uid() returns uuid as $$
	  select nullif(current_setting('request.jwt.claim.sub', true), '')::uuid;
	$$ language sql stable;
CREATE FUNCTION
[local] 2026-08-10 17:08:56.552 UTC [79] postgres@postgres LOG:  statement: create or replace function auth.role() returns text as $$
	  select nullif(current_setting('request.jwt.claim.role', true), '')::text;
	$$ language sql stable;
CREATE FUNCTION
[local] 2026-08-10 17:08:56.552 UTC [79] postgres@postgres LOG:  statement: create or replace function auth.email() returns text as $$
	  select nullif(current_setting('request.jwt.claim.email', true), '')::text;
	$$ language sql stable;
CREATE FUNCTION
[local] 2026-08-10 17:08:56.553 UTC [79] postgres@postgres LOG:  statement: GRANT USAGE ON SCHEMA auth TO anon, authenticated, service_role;
GRANT
[local] 2026-08-10 17:08:56.553 UTC [79] postgres@postgres LOG:  statement: CREATE USER supabase_auth_admin NOINHERIT CREATEROLE LOGIN NOREPLICATION;
CREATE ROLE
[local] 2026-08-10 17:08:56.553 UTC [79] postgres@postgres LOG:  statement: GRANT ALL PRIVILEGES ON SCHEMA auth TO supabase_auth_admin;
GRANT
[local] 2026-08-10 17:08:56.554 UTC [79] postgres@postgres LOG:  statement: GRANT ALL PRIVILEGES ON ALL TABLES IN SCHEMA auth TO supabase_auth_admin;
GRANT
[local] 2026-08-10 17:08:56.554 UTC [79] postgres@postgres LOG:  statement: GRANT ALL PRIVILEGES ON ALL SEQUENCES IN SCHEMA auth TO supabase_auth_admin;
GRANT
[local] 2026-08-10 17:08:56.555 UTC [79] postgres@postgres LOG:  statement: ALTER USER supabase_auth_admin SET search_path = "auth";
ALTER ROLE
[local] 2026-08-10 17:08:56.555 UTC [79] postgres@postgres LOG:  statement: ALTER table "auth".users OWNER TO supabase_auth_admin;
ALTER TABLE
[local] 2026-08-10 17:08:56.555 UTC [79] postgres@postgres LOG:  statement: ALTER table "auth".refresh_tokens OWNER TO supabase_auth_admin;
ALTER TABLE
[local] 2026-08-10 17:08:56.556 UTC [79] postgres@postgres LOG:  statement: ALTER table "auth".audit_log_entries OWNER TO supabase_auth_admin;
ALTER TABLE
[local] 2026-08-10 17:08:56.556 UTC [79] postgres@postgres LOG:  statement: ALTER table "auth".instances OWNER TO supabase_auth_admin;
ALTER TABLE
[local] 2026-08-10 17:08:56.557 UTC [79] postgres@postgres LOG:  statement: ALTER table "auth".schema_migrations OWNER TO supabase_auth_admin;
ALTER TABLE
/docker-entrypoint-initdb.d/migrate.sh: running /docker-entrypoint-initdb.d/init-scripts/00000000000002-storage-schema.sql
[local] 2026-08-10 17:08:56.564 UTC [81] postgres@postgres LOG:  statement: CREATE SCHEMA IF NOT EXISTS storage AUTHORIZATION supabase_admin;
CREATE SCHEMA
[local] 2026-08-10 17:08:56.564 UTC [81] postgres@postgres LOG:  statement: CREATE USER supabase_storage_admin NOINHERIT CREATEROLE LOGIN NOREPLICATION;
CREATE ROLE
[local] 2026-08-10 17:08:56.565 UTC [81] postgres@postgres LOG:  statement: ALTER USER supabase_storage_admin SET search_path = "storage";
ALTER ROLE
[local] 2026-08-10 17:08:56.565 UTC [81] postgres@postgres LOG:  statement: GRANT CREATE ON DATABASE postgres TO supabase_storage_admin;
GRANT
DO
/docker-entrypoint-initdb.d/migrate.sh: running /docker-entrypoint-initdb.d/init-scripts/00000000000003-post-setup.sql
[local] 2026-08-10 17:08:56.573 UTC [83] postgres@postgres LOG:  statement: ALTER ROLE supabase_admin SET search_path TO "\$user",public,auth,extensions;
ALTER ROLE
[local] 2026-08-10 17:08:56.573 UTC [83] postgres@postgres LOG:  statement: ALTER ROLE postgres SET search_path TO "\$user",public,extensions;
ALTER ROLE
[local] 2026-08-10 17:08:56.573 UTC [83] postgres@postgres LOG:  statement: CREATE OR REPLACE FUNCTION extensions.grant_pg_cron_access()
	RETURNS event_trigger
	LANGUAGE plpgsql
	AS $$
	DECLARE
	  schema_is_cron bool;
	BEGIN
	  schema_is_cron = (
	    SELECT n.nspname = 'cron'
	    FROM pg_event_trigger_ddl_commands() AS ev
	    LEFT JOIN pg_catalog.pg_namespace AS n
	      ON ev.objid = n.oid
	  );
	
	  IF schema_is_cron
	  THEN
	    grant usage on schema cron to postgres with grant option;
	
	    alter default privileges in schema cron grant all on tables to postgres with grant option;
	    alter default privileges in schema cron grant all on functions to postgres with grant option;
	    alter default privileges in schema cron grant all on sequences to postgres with grant option;
	
	    alter default privileges for user supabase_admin in schema cron grant all
	        on sequences to postgres with grant option;
	    alter default privileges for user supabase_admin in schema cron grant all
	        on tables to postgres with grant option;
	    alter default privileges for user supabase_admin in schema cron grant all
	        on functions to postgres with grant option;
	
	    grant all privileges on all tables in schema cron to postgres with grant option;
	
	  END IF;
	
	END;
	$$;
CREATE FUNCTION
[local] 2026-08-10 17:08:56.574 UTC [83] postgres@postgres LOG:  statement: CREATE EVENT TRIGGER issue_pg_cron_access ON ddl_command_end WHEN TAG in ('CREATE SCHEMA')
	EXECUTE PROCEDURE extensions.grant_pg_cron_access();
CREATE EVENT TRIGGER
[local] 2026-08-10 17:08:56.575 UTC [83] postgres@postgres LOG:  statement: COMMENT ON FUNCTION extensions.grant_pg_cron_access IS 'Grants access to pg_cron';
COMMENT
[local] 2026-08-10 17:08:56.575 UTC [83] postgres@postgres LOG:  statement: CREATE OR REPLACE FUNCTION extensions.grant_pg_net_access()
	RETURNS event_trigger
	LANGUAGE plpgsql
	AS $$
	BEGIN
	  IF EXISTS (
	    SELECT 1
	    FROM pg_event_trigger_ddl_commands() AS ev
	    JOIN pg_extension AS ext
	    ON ev.objid = ext.oid
	    WHERE ext.extname = 'pg_net'
	  )
	  THEN
	    IF NOT EXISTS (
	      SELECT 1
	      FROM pg_roles
	      WHERE rolname = 'supabase_functions_admin'
	    )
	    THEN
	      CREATE USER supabase_functions_admin NOINHERIT CREATEROLE LOGIN NOREPLICATION;
	    END IF;
	
	    GRANT USAGE ON SCHEMA net TO supabase_functions_admin, postgres, anon, authenticated, service_role;
	
	    ALTER function net.http_get(url text, params jsonb, headers jsonb, timeout_milliseconds integer) SECURITY DEFINER;
	    ALTER function net.http_post(url text, body jsonb, params jsonb, headers jsonb, timeout_milliseconds integer) SECURITY DEFINER;
	
	    ALTER function net.http_get(url text, params jsonb, headers jsonb, timeout_milliseconds integer) SET search_path = net;
	    ALTER function net.http_post(url text, body jsonb, params jsonb, headers jsonb, timeout_milliseconds integer) SET search_path = net;
	
	    REVOKE ALL ON FUNCTION net.http_get(url text, params jsonb, headers jsonb, timeout_milliseconds integer) FROM PUBLIC;
	    REVOKE ALL ON FUNCTION net.http_post(url text, body jsonb, params jsonb, headers jsonb, timeout_milliseconds integer) FROM PUBLIC;
	
	    GRANT EXECUTE ON FUNCTION net.http_get(url text, params jsonb, headers jsonb, timeout_milliseconds integer) TO supabase_functions_admin, postgres, anon, authenticated, service_role;
	    GRANT EXECUTE ON FUNCTION net.http_post(url text, body jsonb, params jsonb, headers jsonb, timeout_milliseconds integer) TO supabase_functions_admin, postgres, anon, authenticated, service_role;
	  END IF;
	END;
	$$;
CREATE FUNCTION
[local] 2026-08-10 17:08:56.576 UTC [83] postgres@postgres LOG:  statement: COMMENT ON FUNCTION extensions.grant_pg_net_access IS 'Grants access to pg_net';
COMMENT
DO
[local] 2026-08-10 17:08:56.577 UTC [83] postgres@postgres LOG:  statement: CREATE ROLE dashboard_user NOSUPERUSER CREATEDB CREATEROLE REPLICATION;
CREATE ROLE
[local] 2026-08-10 17:08:56.577 UTC [83] postgres@postgres LOG:  statement: GRANT ALL ON DATABASE postgres TO dashboard_user;
GRANT
[local] 2026-08-10 17:08:56.577 UTC [83] postgres@postgres LOG:  statement: GRANT ALL ON SCHEMA auth TO dashboard_user;
GRANT
[local] 2026-08-10 17:08:56.578 UTC [83] postgres@postgres LOG:  statement: GRANT ALL ON SCHEMA extensions TO dashboard_user;
GRANT
[local] 2026-08-10 17:08:56.578 UTC [83] postgres@postgres LOG:  statement: GRANT ALL ON ALL TABLES IN SCHEMA auth TO dashboard_user;
GRANT
[local] 2026-08-10 17:08:56.579 UTC [83] postgres@postgres LOG:  statement: GRANT ALL ON ALL TABLES IN SCHEMA extensions TO dashboard_user;
GRANT
[local] 2026-08-10 17:08:56.579 UTC [83] postgres@postgres LOG:  statement: GRANT ALL ON ALL SEQUENCES IN SCHEMA auth TO dashboard_user;
GRANT
[local] 2026-08-10 17:08:56.579 UTC [83] postgres@postgres LOG:  statement: GRANT ALL ON ALL SEQUENCES IN SCHEMA extensions TO dashboard_user;
GRANT
[local] 2026-08-10 17:08:56.579 UTC [83] postgres@postgres LOG:  statement: GRANT ALL ON ALL ROUTINES IN SCHEMA auth TO dashboard_user;
GRANT
[local] 2026-08-10 17:08:56.580 UTC [83] postgres@postgres LOG:  statement: GRANT ALL ON ALL ROUTINES IN SCHEMA extensions TO dashboard_user;
GRANT
DO
[local] 2026-08-10 17:08:56.589 UTC [85] postgres@postgres LOG:  statement: ALTER USER supabase_admin WITH PASSWORD '[REDACTED]'
ALTER ROLE
/docker-entrypoint-initdb.d/migrate.sh: running /docker-entrypoint-initdb.d/migrations/00-extension.sql
[local] 2026-08-10 17:08:56.599 UTC [87] supabase_admin@postgres LOG:  statement: CREATE SCHEMA IF NOT exists extensions;
psql:/docker-entrypoint-initdb.d/migrations/00-extension.sql:1: NOTICE:  schema "extensions" already exists, skipping
CREATE SCHEMA
[local] 2026-08-10 17:08:56.599 UTC [87] supabase_admin@postgres LOG:  statement: CREATE EXTENSION IF NOT EXISTS pg_stat_statements with schema extensions;
CREATE EXTENSION
/docker-entrypoint-initdb.d/migrate.sh: running /docker-entrypoint-initdb.d/migrations/10000000000000_demote-postgres.sql
[local] 2026-08-10 17:08:56.620 UTC [89] supabase_admin@postgres LOG:  statement: GRANT ALL ON DATABASE postgres TO postgres;
GRANT
[local] 2026-08-10 17:08:56.621 UTC [89] supabase_admin@postgres LOG:  statement: GRANT ALL ON SCHEMA auth TO postgres;
GRANT
[local] 2026-08-10 17:08:56.621 UTC [89] supabase_admin@postgres LOG:  statement: GRANT ALL ON SCHEMA extensions TO postgres;
GRANT
[local] 2026-08-10 17:08:56.621 UTC [89] supabase_admin@postgres LOG:  statement: GRANT ALL ON ALL TABLES IN SCHEMA auth TO postgres;
GRANT
[local] 2026-08-10 17:08:56.622 UTC [89] supabase_admin@postgres LOG:  statement: GRANT ALL ON ALL TABLES IN SCHEMA extensions TO postgres;
GRANT
[local] 2026-08-10 17:08:56.622 UTC [89] supabase_admin@postgres LOG:  statement: GRANT ALL ON ALL SEQUENCES IN SCHEMA auth TO postgres;
GRANT
[local] 2026-08-10 17:08:56.622 UTC [89] supabase_admin@postgres LOG:  statement: GRANT ALL ON ALL SEQUENCES IN SCHEMA extensions TO postgres;
GRANT
[local] 2026-08-10 17:08:56.623 UTC [89] supabase_admin@postgres LOG:  statement: GRANT ALL ON ALL ROUTINES IN SCHEMA auth TO postgres;
GRANT
[local] 2026-08-10 17:08:56.623 UTC [89] supabase_admin@postgres LOG:  statement: GRANT ALL ON ALL ROUTINES IN SCHEMA extensions TO postgres;
GRANT
DO
[local] 2026-08-10 17:08:56.626 UTC [89] supabase_admin@postgres LOG:  statement: ALTER ROLE postgres NOSUPERUSER CREATEDB CREATEROLE LOGIN REPLICATION BYPASSRLS;
ALTER ROLE
/docker-entrypoint-initdb.d/migrate.sh: running /docker-entrypoint-initdb.d/migrations/20211115181400_update-auth-permissions.sql
[local] 2026-08-10 17:08:56.632 UTC [91] supabase_admin@postgres LOG:  statement: GRANT ALL PRIVILEGES ON SCHEMA auth TO supabase_auth_admin;
GRANT
[local] 2026-08-10 17:08:56.632 UTC [91] supabase_admin@postgres LOG:  statement: GRANT ALL PRIVILEGES ON ALL TABLES IN SCHEMA auth TO supabase_auth_admin;
GRANT
[local] 2026-08-10 17:08:56.633 UTC [91] supabase_admin@postgres LOG:  statement: GRANT ALL PRIVILEGES ON ALL SEQUENCES IN SCHEMA auth TO supabase_auth_admin;
GRANT
[local] 2026-08-10 17:08:56.633 UTC [91] supabase_admin@postgres LOG:  statement: ALTER table IF EXISTS "auth".users OWNER TO supabase_auth_admin;
ALTER TABLE
[local] 2026-08-10 17:08:56.633 UTC [91] supabase_admin@postgres LOG:  statement: ALTER table IF EXISTS "auth".refresh_tokens OWNER TO supabase_auth_admin;
ALTER TABLE
[local] 2026-08-10 17:08:56.634 UTC [91] supabase_admin@postgres LOG:  statement: ALTER table IF EXISTS "auth".audit_log_entries OWNER TO supabase_auth_admin;
ALTER TABLE
[local] 2026-08-10 17:08:56.634 UTC [91] supabase_admin@postgres LOG:  statement: ALTER table IF EXISTS "auth".instances OWNER TO supabase_auth_admin;
ALTER TABLE
[local] 2026-08-10 17:08:56.634 UTC [91] supabase_admin@postgres LOG:  statement: ALTER table IF EXISTS "auth".schema_migrations OWNER TO supabase_auth_admin;
ALTER TABLE
[local] 2026-08-10 17:08:56.635 UTC [91] supabase_admin@postgres LOG:  statement: GRANT USAGE ON SCHEMA auth TO postgres;
GRANT
[local] 2026-08-10 17:08:56.635 UTC [91] supabase_admin@postgres LOG:  statement: GRANT ALL ON ALL TABLES IN SCHEMA auth TO postgres, dashboard_user;
GRANT
[local] 2026-08-10 17:08:56.635 UTC [91] supabase_admin@postgres LOG:  statement: GRANT ALL ON ALL SEQUENCES IN SCHEMA auth TO postgres, dashboard_user;
GRANT
[local] 2026-08-10 17:08:56.636 UTC [91] supabase_admin@postgres LOG:  statement: GRANT ALL ON ALL ROUTINES IN SCHEMA auth TO postgres, dashboard_user;
GRANT
[local] 2026-08-10 17:08:56.636 UTC [91] supabase_admin@postgres LOG:  statement: ALTER DEFAULT PRIVILEGES FOR ROLE supabase_auth_admin IN SCHEMA auth GRANT ALL ON TABLES TO postgres, dashboard_user;
ALTER DEFAULT PRIVILEGES
[local] 2026-08-10 17:08:56.637 UTC [91] supabase_admin@postgres LOG:  statement: ALTER DEFAULT PRIVILEGES FOR ROLE supabase_auth_admin IN SCHEMA auth GRANT ALL ON SEQUENCES TO postgres, dashboard_user;
ALTER DEFAULT PRIVILEGES
[local] 2026-08-10 17:08:56.637 UTC [91] supabase_admin@postgres LOG:  statement: ALTER DEFAULT PRIVILEGES FOR ROLE supabase_auth_admin IN SCHEMA auth GRANT ALL ON ROUTINES TO postgres, dashboard_user;
ALTER DEFAULT PRIVILEGES
/docker-entrypoint-initdb.d/migrate.sh: running /docker-entrypoint-initdb.d/migrations/20211118015519_create-realtime-schema.sql
[local] 2026-08-10 17:08:56.643 UTC [93] supabase_admin@postgres LOG:  statement: CREATE SCHEMA IF NOT EXISTS realtime;
CREATE SCHEMA
/docker-entrypoint-initdb.d/migrate.sh: running /docker-entrypoint-initdb.d/migrations/20211122051245_update-realtime-permissions.sql
[local] 2026-08-10 17:08:56.649 UTC [95] supabase_admin@postgres LOG:  statement: GRANT USAGE ON SCHEMA realtime TO postgres;
GRANT
[local] 2026-08-10 17:08:56.650 UTC [95] supabase_admin@postgres LOG:  statement: GRANT ALL ON ALL TABLES IN SCHEMA realtime TO postgres, dashboard_user;
GRANT
[local] 2026-08-10 17:08:56.650 UTC [95] supabase_admin@postgres LOG:  statement: GRANT ALL ON ALL SEQUENCES IN SCHEMA realtime TO postgres, dashboard_user;
GRANT
[local] 2026-08-10 17:08:56.650 UTC [95] supabase_admin@postgres LOG:  statement: GRANT ALL ON ALL ROUTINES IN SCHEMA realtime TO postgres, dashboard_user;
GRANT
/docker-entrypoint-initdb.d/migrate.sh: running /docker-entrypoint-initdb.d/migrations/20211124212715_update-auth-owner.sql
DO
DO
DO
/docker-entrypoint-initdb.d/migrate.sh: running /docker-entrypoint-initdb.d/migrations/20211130151719_update-realtime-permissions.sql
[local] 2026-08-10 17:08:56.665 UTC [99] supabase_admin@postgres LOG:  statement: ALTER DEFAULT PRIVILEGES FOR ROLE supabase_admin IN SCHEMA realtime GRANT ALL ON TABLES TO postgres, dashboard_user;
ALTER DEFAULT PRIVILEGES
[local] 2026-08-10 17:08:56.666 UTC [99] supabase_admin@postgres LOG:  statement: ALTER DEFAULT PRIVILEGES FOR ROLE supabase_admin IN SCHEMA realtime GRANT ALL ON SEQUENCES TO postgres, dashboard_user;
ALTER DEFAULT PRIVILEGES
[local] 2026-08-10 17:08:56.667 UTC [99] supabase_admin@postgres LOG:  statement: ALTER DEFAULT PRIVILEGES FOR ROLE supabase_admin IN SCHEMA realtime GRANT ALL ON ROUTINES TO postgres, dashboard_user;
ALTER DEFAULT PRIVILEGES
/docker-entrypoint-initdb.d/migrate.sh: running /docker-entrypoint-initdb.d/migrations/20220118070449_enable-safeupdate-postgrest.sql
[local] 2026-08-10 17:08:56.673 UTC [101] supabase_admin@postgres LOG:  statement: ALTER ROLE authenticator SET session_preload_libraries = 'safeupdate';
ALTER ROLE
/docker-entrypoint-initdb.d/migrate.sh: running /docker-entrypoint-initdb.d/migrations/20220126121436_finer-postgrest-triggers.sql
[local] 2026-08-10 17:08:56.679 UTC [103] supabase_admin@postgres LOG:  statement: drop event trigger if exists api_restart;
psql:/docker-entrypoint-initdb.d/migrations/20220126121436_finer-postgrest-triggers.sql:3: NOTICE:  event trigger "api_restart" does not exist, skipping
DROP EVENT TRIGGER
[local] 2026-08-10 17:08:56.679 UTC [103] supabase_admin@postgres LOG:  statement: drop function if exists extensions.notify_api_restart();
psql:/docker-entrypoint-initdb.d/migrations/20220126121436_finer-postgrest-triggers.sql:4: NOTICE:  function extensions.notify_api_restart() does not exist, skipping
DROP FUNCTION
[local] 2026-08-10 17:08:56.679 UTC [103] supabase_admin@postgres LOG:  statement: CREATE OR REPLACE FUNCTION extensions.pgrst_ddl_watch() RETURNS event_trigger AS $$
	DECLARE
	  cmd record;
	BEGIN
	  FOR cmd IN SELECT * FROM pg_event_trigger_ddl_commands()
	  LOOP
	    IF cmd.command_tag IN (
	      'CREATE SCHEMA', 'ALTER SCHEMA'
	    , 'CREATE TABLE', 'CREATE TABLE AS', 'SELECT INTO', 'ALTER TABLE'
	    , 'CREATE FOREIGN TABLE', 'ALTER FOREIGN TABLE'
	    , 'CREATE VIEW', 'ALTER VIEW'
	    , 'CREATE MATERIALIZED VIEW', 'ALTER MATERIALIZED VIEW'
	    , 'CREATE FUNCTION', 'ALTER FUNCTION'
	    , 'CREATE TRIGGER'
	    , 'CREATE TYPE'
	    , 'CREATE RULE'
	    , 'COMMENT'
	    )
	    -- don't notify in case of CREATE TEMP table or other objects created on pg_temp
	    AND cmd.schema_name is distinct from 'pg_temp'
	    THEN
	      NOTIFY pgrst, 'reload schema';
	    END IF;
	  END LOOP;
	END; $$ LANGUAGE plpgsql;
CREATE FUNCTION
[local] 2026-08-10 17:08:56.680 UTC [103] supabase_admin@postgres LOG:  statement: CREATE OR REPLACE FUNCTION extensions.pgrst_drop_watch() RETURNS event_trigger AS $$
	DECLARE
	  obj record;
	BEGIN
	  FOR obj IN SELECT * FROM pg_event_trigger_dropped_objects()
	  LOOP
	    IF obj.object_type IN (
	      'schema'
	    , 'table'
	    , 'foreign table'
	    , 'view'
	    , 'materialized view'
	    , 'function'
	    , 'trigger'
	    , 'type'
	    , 'rule'
	    )
	    AND obj.is_temporary IS false -- no pg_temp objects
	    THEN
	      NOTIFY pgrst, 'reload schema';
	    END IF;
	  END LOOP;
	END; $$ LANGUAGE plpgsql;
CREATE FUNCTION
[local] 2026-08-10 17:08:56.681 UTC [103] supabase_admin@postgres LOG:  statement: DROP EVENT TRIGGER IF EXISTS pgrst_ddl_watch;
DROP EVENT TRIGGER
psql:/docker-entrypoint-initdb.d/migrations/20220126121436_finer-postgrest-triggers.sql:59: NOTICE:  event trigger "pgrst_ddl_watch" does not exist, skipping
[local] 2026-08-10 17:08:56.681 UTC [103] supabase_admin@postgres LOG:  statement: CREATE EVENT TRIGGER pgrst_ddl_watch
	  ON ddl_command_end
	  EXECUTE PROCEDURE extensions.pgrst_ddl_watch();
CREATE EVENT TRIGGER
[local] 2026-08-10 17:08:56.681 UTC [103] supabase_admin@postgres LOG:  statement: DROP EVENT TRIGGER IF EXISTS pgrst_drop_watch;
DROP EVENT TRIGGER
psql:/docker-entrypoint-initdb.d/migrations/20220126121436_finer-postgrest-triggers.sql:64: NOTICE:  event trigger "pgrst_drop_watch" does not exist, skipping
[local] 2026-08-10 17:08:56.681 UTC [103] supabase_admin@postgres LOG:  statement: CREATE EVENT TRIGGER pgrst_drop_watch
	  ON sql_drop
	  EXECUTE PROCEDURE extensions.pgrst_drop_watch();
CREATE EVENT TRIGGER
/docker-entrypoint-initdb.d/migrate.sh: running /docker-entrypoint-initdb.d/migrations/20220224211803_fix-postgrest-supautils.sql
DO
/docker-entrypoint-initdb.d/migrate.sh: running /docker-entrypoint-initdb.d/migrations/20220317095840_pg_graphql.sql
[local] 2026-08-10 17:08:56.699 UTC [107] supabase_admin@postgres LOG:  statement: create schema if not exists graphql_public;
CREATE SCHEMA
[local] 2026-08-10 17:08:56.701 UTC [107] supabase_admin@postgres LOG:  statement: drop function if exists graphql_public.graphql(text, text, jsonb);
psql:/docker-entrypoint-initdb.d/migrations/20220317095840_pg_graphql.sql:5: NOTICE:  function graphql_public.graphql(text,text,jsonb) does not exist, skipping
DROP FUNCTION
[local] 2026-08-10 17:08:56.701 UTC [107] supabase_admin@postgres LOG:  statement: create or replace function graphql_public.graphql(
	    "operationName" text default null,
	    query text default null,
	    variables jsonb default null,
	    extensions jsonb default null
	)
	    returns jsonb
	    language plpgsql
	as $$
	    DECLARE
	        server_version float;
	    BEGIN
	        server_version = (SELECT (SPLIT_PART((select version()), ' ', 2))::float);
	
	        IF server_version >= 14 THEN
	            RETURN jsonb_build_object(
	                'data', null::jsonb,
	                'errors', array['pg_graphql extension is not enabled.']
	            );
	        ELSE
	            RETURN jsonb_build_object(
	                'data', null::jsonb,
	                'errors', array['pg_graphql is only available on projects running Postgres 14 onwards.']
	            );
	        END IF;
	    END;
	$$;
CREATE FUNCTION
[local] 2026-08-10 17:08:56.702 UTC [107] supabase_admin@postgres LOG:  statement: grant usage on schema graphql_public to postgres, anon, authenticated, service_role;
GRANT
[local] 2026-08-10 17:08:56.702 UTC [107] supabase_admin@postgres LOG:  statement: alter default privileges in schema graphql_public grant all on tables to postgres, anon, authenticated, service_role;
ALTER DEFAULT PRIVILEGES
[local] 2026-08-10 17:08:56.703 UTC [107] supabase_admin@postgres LOG:  statement: alter default privileges in schema graphql_public grant all on functions to postgres, anon, authenticated, service_role;
ALTER DEFAULT PRIVILEGES
[local] 2026-08-10 17:08:56.703 UTC [107] supabase_admin@postgres LOG:  statement: alter default privileges in schema graphql_public grant all on sequences to postgres, anon, authenticated, service_role;
ALTER DEFAULT PRIVILEGES
[local] 2026-08-10 17:08:56.704 UTC [107] supabase_admin@postgres LOG:  statement: alter default privileges for user supabase_admin in schema graphql_public grant all
	    on sequences to postgres, anon, authenticated, service_role;
ALTER DEFAULT PRIVILEGES
[local] 2026-08-10 17:08:56.704 UTC [107] supabase_admin@postgres LOG:  statement: alter default privileges for user supabase_admin in schema graphql_public grant all
	    on tables to postgres, anon, authenticated, service_role;
ALTER DEFAULT PRIVILEGES
[local] 2026-08-10 17:08:56.705 UTC [107] supabase_admin@postgres LOG:  statement: alter default privileges for user supabase_admin in schema graphql_public grant all
	    on functions to postgres, anon, authenticated, service_role;
ALTER DEFAULT PRIVILEGES
[local] 2026-08-10 17:08:56.705 UTC [107] supabase_admin@postgres LOG:  statement: CREATE OR REPLACE FUNCTION extensions.grant_pg_graphql_access()
	RETURNS event_trigger
	LANGUAGE plpgsql
	AS $func$
	    DECLARE
	    func_is_graphql_resolve bool;
	    BEGIN
	    func_is_graphql_resolve = (
	        SELECT n.proname = 'resolve'
	        FROM pg_event_trigger_ddl_commands() AS ev
	        LEFT JOIN pg_catalog.pg_proc AS n
	        ON ev.objid = n.oid
	    );
	
	    IF func_is_graphql_resolve
	    THEN
	        grant usage on schema graphql to postgres, anon, authenticated, service_role;
	        grant all on function graphql.resolve to postgres, anon, authenticated, service_role;
	
	        alter default privileges in schema graphql grant all on tables to postgres, anon, authenticated, service_role;
	        alter default privileges in schema graphql grant all on functions to postgres, anon, authenticated, service_role;
	        alter default privileges in schema graphql grant all on sequences to postgres, anon, authenticated, service_role;
	
	        DROP FUNCTION IF EXISTS graphql_public.graphql;
	        create or replace function graphql_public.graphql(
	            "operationName" text default null,
	            query text default null,
	            variables jsonb default null,
	            extensions jsonb default null
	        )
	            returns jsonb
	            language sql
	        as $$
	            SELECT graphql.resolve(query, coalesce(variables, '{}'));
	        $$;
	
	        grant execute on function graphql.resolve to postgres, anon, authenticated, service_role;
	    END IF;
	
	    END;
	$func$;
CREATE FUNCTION
[local] 2026-08-10 17:08:56.706 UTC [107] supabase_admin@postgres LOG:  statement: DROP EVENT TRIGGER IF EXISTS issue_pg_graphql_access;
psql:/docker-entrypoint-initdb.d/migrations/20220317095840_pg_graphql.sql:90: NOTICE:  event trigger "issue_pg_graphql_access" does not exist, skipping
DROP EVENT TRIGGER
[local] 2026-08-10 17:08:56.706 UTC [107] supabase_admin@postgres LOG:  statement: CREATE EVENT TRIGGER issue_pg_graphql_access ON ddl_command_end WHEN TAG in ('CREATE FUNCTION')
	EXECUTE PROCEDURE extensions.grant_pg_graphql_access();
CREATE EVENT TRIGGER
[local] 2026-08-10 17:08:56.706 UTC [107] supabase_admin@postgres LOG:  statement: COMMENT ON FUNCTION extensions.grant_pg_graphql_access IS 'Grants access to pg_graphql';
COMMENT
[local] 2026-08-10 17:08:56.707 UTC [107] supabase_admin@postgres LOG:  statement: CREATE OR REPLACE FUNCTION extensions.set_graphql_placeholder()
	RETURNS event_trigger
	LANGUAGE plpgsql
	AS $func$
	    DECLARE
	    graphql_is_dropped bool;
	    BEGIN
	    graphql_is_dropped = (
	        SELECT ev.schema_name = 'graphql_public'
	        FROM pg_event_trigger_dropped_objects() AS ev
	        WHERE ev.schema_name = 'graphql_public'
	    );
	
	    IF graphql_is_dropped
	    THEN
	        create or replace function graphql_public.graphql(
	            "operationName" text default null,
	            query text default null,
	            variables jsonb default null,
	            extensions jsonb default null
	        )
	            returns jsonb
	            language plpgsql
	        as $$
	            DECLARE
	                server_version float;
	            BEGIN
	                server_version = (SELECT (SPLIT_PART((select version()), ' ', 2))::float);
	
	                IF server_version >= 14 THEN
	                    RETURN jsonb_build_object(
	                        'data', null::jsonb,
	                        'errors', array['pg_graphql extension is not enabled.']
	                    );
	                ELSE
	                    RETURN jsonb_build_object(
	                        'data', null::jsonb,
	                        'errors', array['pg_graphql is only available on projects running Postgres 14 onwards.']
	                    );
	                END IF;
	            END;
	        $$;
	    END IF;
	
	    END;
	$func$;
CREATE FUNCTION
[local] 2026-08-10 17:08:56.708 UTC [107] supabase_admin@postgres LOG:  statement: DROP EVENT TRIGGER IF EXISTS issue_graphql_placeholder;
psql:/docker-entrypoint-initdb.d/migrations/20220317095840_pg_graphql.sql:143: NOTICE:  event trigger "issue_graphql_placeholder" does not exist, skipping
DROP EVENT TRIGGER
[local] 2026-08-10 17:08:56.708 UTC [107] supabase_admin@postgres LOG:  statement: CREATE EVENT TRIGGER issue_graphql_placeholder ON sql_drop WHEN TAG in ('DROP EXTENSION')
	EXECUTE PROCEDURE extensions.set_graphql_placeholder();
CREATE EVENT TRIGGER
[local] 2026-08-10 17:08:56.709 UTC [107] supabase_admin@postgres LOG:  statement: COMMENT ON FUNCTION extensions.set_graphql_placeholder IS 'Reintroduces placeholder function for graphql_public.graphql';
COMMENT
/docker-entrypoint-initdb.d/migrate.sh: running /docker-entrypoint-initdb.d/migrations/20220321174452_fix-postgrest-alter-type-event-trigger.sql
[local] 2026-08-10 17:08:56.715 UTC [109] supabase_admin@postgres LOG:  statement: drop event trigger if exists api_restart;
psql:/docker-entrypoint-initdb.d/migrations/20220321174452_fix-postgrest-alter-type-event-trigger.sql:3: NOTICE:  event trigger "api_restart" does not exist, skipping
DROP EVENT TRIGGER
[local] 2026-08-10 17:08:56.715 UTC [109] supabase_admin@postgres LOG:  statement: drop function if exists extensions.notify_api_restart();
psql:/docker-entrypoint-initdb.d/migrations/20220321174452_fix-postgrest-alter-type-event-trigger.sql:4: NOTICE:  function extensions.notify_api_restart() does not exist, skipping
DROP FUNCTION
[local] 2026-08-10 17:08:56.716 UTC [109] supabase_admin@postgres LOG:  statement: CREATE OR REPLACE FUNCTION extensions.pgrst_ddl_watch() RETURNS event_trigger AS $$
	DECLARE
	  cmd record;
	BEGIN
	  FOR cmd IN SELECT * FROM pg_event_trigger_ddl_commands()
	  LOOP
	    IF cmd.command_tag IN (
	      'CREATE SCHEMA', 'ALTER SCHEMA'
	    , 'CREATE TABLE', 'CREATE TABLE AS', 'SELECT INTO', 'ALTER TABLE'
	    , 'CREATE FOREIGN TABLE', 'ALTER FOREIGN TABLE'
	    , 'CREATE VIEW', 'ALTER VIEW'
	    , 'CREATE MATERIALIZED VIEW', 'ALTER MATERIALIZED VIEW'
	    , 'CREATE FUNCTION', 'ALTER FUNCTION'
	    , 'CREATE TRIGGER'
	    , 'CREATE TYPE', 'ALTER TYPE'
	    , 'CREATE RULE'
	    , 'COMMENT'
	    )
	    -- don't notify in case of CREATE TEMP table or other objects created on pg_temp
	    AND cmd.schema_name is distinct from 'pg_temp'
	    THEN
	      NOTIFY pgrst, 'reload schema';
	    END IF;
	  END LOOP;
	END; $$ LANGUAGE plpgsql;
CREATE FUNCTION
[local] 2026-08-10 17:08:56.718 UTC [109] supabase_admin@postgres LOG:  statement: CREATE OR REPLACE FUNCTION extensions.pgrst_drop_watch() RETURNS event_trigger AS $$
	DECLARE
	  obj record;
	BEGIN
	  FOR obj IN SELECT * FROM pg_event_trigger_dropped_objects()
	  LOOP
	    IF obj.object_type IN (
	      'schema'
	    , 'table'
	    , 'foreign table'
	    , 'view'
	    , 'materialized view'
	    , 'function'
	    , 'trigger'
	    , 'type'
	    , 'rule'
	    )
	    AND obj.is_temporary IS false -- no pg_temp objects
	    THEN
	      NOTIFY pgrst, 'reload schema';
	    END IF;
	  END LOOP;
	END; $$ LANGUAGE plpgsql;
CREATE FUNCTION
[local] 2026-08-10 17:08:56.719 UTC [109] supabase_admin@postgres LOG:  statement: DROP EVENT TRIGGER IF EXISTS pgrst_ddl_watch;
DROP EVENT TRIGGER
[local] 2026-08-10 17:08:56.719 UTC [109] supabase_admin@postgres LOG:  statement: CREATE EVENT TRIGGER pgrst_ddl_watch
	  ON ddl_command_end
	  EXECUTE PROCEDURE extensions.pgrst_ddl_watch();
CREATE EVENT TRIGGER
[local] 2026-08-10 17:08:56.720 UTC [109] supabase_admin@postgres LOG:  statement: DROP EVENT TRIGGER IF EXISTS pgrst_drop_watch;
DROP EVENT TRIGGER
[local] 2026-08-10 17:08:56.720 UTC [109] supabase_admin@postgres LOG:  statement: CREATE EVENT TRIGGER pgrst_drop_watch
	  ON sql_drop
	  EXECUTE PROCEDURE extensions.pgrst_drop_watch();
CREATE EVENT TRIGGER
/docker-entrypoint-initdb.d/migrate.sh: running /docker-entrypoint-initdb.d/migrations/20220322085208_gotrue-session-limit.sql
[local] 2026-08-10 17:08:56.727 UTC [111] supabase_admin@postgres LOG:  statement: ALTER ROLE supabase_auth_admin SET idle_in_transaction_session_timeout TO 60000;
ALTER ROLE
/docker-entrypoint-initdb.d/migrate.sh: running /docker-entrypoint-initdb.d/migrations/20220404205710_pg_graphql-on-by-default.sql
[local] 2026-08-10 17:08:56.733 UTC [113] supabase_admin@postgres LOG:  statement: create or replace function extensions.grant_pg_graphql_access()
	    returns event_trigger
	    language plpgsql
	AS $func$
	DECLARE
	    func_is_graphql_resolve bool;
	BEGIN
	    func_is_graphql_resolve = (
	        SELECT n.proname = 'resolve'
	        FROM pg_event_trigger_ddl_commands() AS ev
	        LEFT JOIN pg_catalog.pg_proc AS n
	        ON ev.objid = n.oid
	    );
	
	    IF func_is_graphql_resolve
	    THEN
	        grant usage on schema graphql to postgres, anon, authenticated, service_role;
	        grant all on function graphql.resolve to postgres, anon, authenticated, service_role;
	
	        alter default privileges in schema graphql grant all on tables to postgres, anon, authenticated, service_role;
	        alter default privileges in schema graphql grant all on functions to postgres, anon, authenticated, service_role;
	        alter default privileges in schema graphql grant all on sequences to postgres, anon, authenticated, service_role;
	
	        -- Update public wrapper to pass all arguments through to the pg_graphql resolve func
	        DROP FUNCTION IF EXISTS graphql_public.graphql;
	        create or replace function graphql_public.graphql(
	            "operationName" text default null,
	            query text default null,
	            variables jsonb default null,
	            extensions jsonb default null
	        )
	            returns jsonb
	            language sql
	        as $$
	            -- This changed
	            select graphql.resolve(
	                query := query,
	                variables := coalesce(variables, '{}'),
	                "operationName" := "operationName",
	                extensions := extensions
	            );
	        $$;
	
	        grant execute on function graphql.resolve to postgres, anon, authenticated, service_role;
	    END IF;
	
	END;
	$func$;
CREATE FUNCTION
[local] 2026-08-10 17:08:56.737 UTC [113] supabase_admin@postgres LOG:  statement: CREATE OR REPLACE FUNCTION extensions.set_graphql_placeholder()
	RETURNS event_trigger
	LANGUAGE plpgsql
	AS $func$
	    DECLARE
	    graphql_is_dropped bool;
	    BEGIN
	    graphql_is_dropped = (
	        SELECT ev.schema_name = 'graphql_public'
	        FROM pg_event_trigger_dropped_objects() AS ev
	        WHERE ev.schema_name = 'graphql_public'
	    );
	
	    IF graphql_is_dropped
	    THEN
	        create or replace function graphql_public.graphql(
	            "operationName" text default null,
	            query text default null,
	            variables jsonb default null,
	            extensions jsonb default null
	        )
	            returns jsonb
	            language plpgsql
	        as $$
	            DECLARE
	                server_version float;
	            BEGIN
	                server_version = (SELECT (SPLIT_PART((select version()), ' ', 2))::float);
	
	                IF server_version >= 14 THEN
	                    RETURN jsonb_build_object(
	                        'errors', jsonb_build_array(
	                            jsonb_build_object(
	                                'message', 'pg_graphql extension is not enabled.'
	                            )
	                        )
	                    );
	                ELSE
	                    RETURN jsonb_build_object(
	                        'errors', jsonb_build_array(
	                            jsonb_build_object(
	                                'message', 'pg_graphql is only available on projects running Postgres 14 onwards.'
	                            )
	                        )
	                    );
	                END IF;
	            END;
	        $$;
	    END IF;
	
	    END;
	$func$;
CREATE FUNCTION
[local] 2026-08-10 17:08:56.737 UTC [113] supabase_admin@postgres LOG:  statement: create or replace function graphql_public.graphql(
	    "operationName" text default null,
	    query text default null,
	    variables jsonb default null,
	    extensions jsonb default null
	)
	    returns jsonb
	    language plpgsql
	as $$
	    DECLARE
	        server_version float;
	    BEGIN
	        server_version = (SELECT (SPLIT_PART((select version()), ' ', 2))::float);
	
	        IF server_version >= 14 THEN
	            RETURN jsonb_build_object(
	                'errors', jsonb_build_array(
	                    jsonb_build_object(
	                        'message', 'pg_graphql extension is not enabled.'
	                    )
	                )
	            );
	        ELSE
	            RETURN jsonb_build_object(
	                'errors', jsonb_build_array(
	                    jsonb_build_object(
	                        'message', 'pg_graphql is only available on projects running Postgres 14 onwards.'
	                    )
	                )
	            );
	        END IF;
	    END;
	$$;
CREATE FUNCTION
[local] 2026-08-10 17:08:56.738 UTC [113] supabase_admin@postgres LOG:  statement: drop extension if exists pg_graphql;
psql:/docker-entrypoint-initdb.d/migrations/20220404205710_pg_graphql-on-by-default.sql:142: NOTICE:  extension "pg_graphql" does not exist, skipping
DROP EXTENSION
DO
/docker-entrypoint-initdb.d/migrate.sh: running /docker-entrypoint-initdb.d/migrations/20220609081115_grant-supabase-auth-admin-and-supabase-storage-admin-to-postgres.sql
[local] 2026-08-10 17:08:56.760 UTC [115] supabase_admin@postgres LOG:  statement: grant supabase_auth_admin, supabase_storage_admin to postgres;
GRANT ROLE
/docker-entrypoint-initdb.d/migrate.sh: running /docker-entrypoint-initdb.d/migrations/20220613123923_pg_graphql-pg-dump-perms.sql
[local] 2026-08-10 17:08:56.766 UTC [117] supabase_admin@postgres LOG:  statement: create or replace function extensions.grant_pg_graphql_access()
	    returns event_trigger
	    language plpgsql
	AS $func$
	DECLARE
	    func_is_graphql_resolve bool;
	BEGIN
	    func_is_graphql_resolve = (
	        SELECT n.proname = 'resolve'
	        FROM pg_event_trigger_ddl_commands() AS ev
	        LEFT JOIN pg_catalog.pg_proc AS n
	        ON ev.objid = n.oid
	    );
	
	    IF func_is_graphql_resolve
	    THEN
	        -- Update public wrapper to pass all arguments through to the pg_graphql resolve func
	        DROP FUNCTION IF EXISTS graphql_public.graphql;
	        create or replace function graphql_public.graphql(
	            "operationName" text default null,
	            query text default null,
	            variables jsonb default null,
	            extensions jsonb default null
	        )
	            returns jsonb
	            language sql
	        as $$
	            select graphql.resolve(
	                query := query,
	                variables := coalesce(variables, '{}'),
	                "operationName" := "operationName",
	                extensions := extensions
	            );
	        $$;
	
	        -- This hook executes when `graphql.resolve` is created. That is not necessarily the last
	        -- function in the extension so we need to grant permissions on existing entities AND
	        -- update default permissions to any others that are created after `graphql.resolve`
	        grant usage on schema graphql to postgres, anon, authenticated, service_role;
	        grant select on all tables in schema graphql to postgres, anon, authenticated, service_role;
	        grant execute on all functions in schema graphql to postgres, anon, authenticated, service_role;
	        grant all on all sequences in schema graphql to postgres, anon, authenticated, service_role;
	        alter default privileges in schema graphql grant all on tables to postgres, anon, authenticated, service_role;
	        alter default privileges in schema graphql grant all on functions to postgres, anon, authenticated, service_role;
	        alter default privileges in schema graphql grant all on sequences to postgres, anon, authenticated, service_role;
	    END IF;
	
	END;
	$func$;
CREATE FUNCTION
[local] 2026-08-10 17:08:56.769 UTC [117] supabase_admin@postgres LOG:  statement: drop extension if exists pg_graphql;
DROP EXTENSION
DO
/docker-entrypoint-initdb.d/migrate.sh: running /docker-entrypoint-initdb.d/migrations/20220713082019_pg_cron-pg_net-temp-perms-fix.sql
DO
DO
/docker-entrypoint-initdb.d/migrate.sh: running /docker-entrypoint-initdb.d/migrations/20221028101028_set_authenticator_timeout.sql
[local] 2026-08-10 17:08:56.807 UTC [121] supabase_admin@postgres LOG:  statement: alter role authenticator set statement_timeout = '8s';
ALTER ROLE
/docker-entrypoint-initdb.d/migrate.sh: running /docker-entrypoint-initdb.d/migrations/20221103090837_revoke_admin.sql
[local] 2026-08-10 17:08:56.814 UTC [123] supabase_admin@postgres LOG:  statement: revoke supabase_admin from authenticator;
REVOKE ROLE
/docker-entrypoint-initdb.d/migrate.sh: running /docker-entrypoint-initdb.d/migrations/20221207154255_create_pgsodium_and_vault.sql
DO
/docker-entrypoint-initdb.d/migrate.sh: running /docker-entrypoint-initdb.d/migrations/20230201083204_grant_auth_roles_to_postgres.sql
[local] 2026-08-10 17:08:56.849 UTC [127] supabase_admin@postgres LOG:  statement: grant anon, authenticated, service_role to postgres;
GRANT ROLE
/docker-entrypoint-initdb.d/migrate.sh: running /docker-entrypoint-initdb.d/migrations/20230224042246_grant_extensions_perms_for_postgres.sql
[local] 2026-08-10 17:08:56.855 UTC [129] supabase_admin@postgres LOG:  statement: grant all privileges on all tables in schema extensions to postgres with grant option;
GRANT
[local] 2026-08-10 17:08:56.856 UTC [129] supabase_admin@postgres LOG:  statement: grant all privileges on all routines in schema extensions to postgres with grant option;
GRANT
[local] 2026-08-10 17:08:56.858 UTC [129] supabase_admin@postgres LOG:  statement: grant all privileges on all sequences in schema extensions to postgres with grant option;
GRANT
[local] 2026-08-10 17:08:56.858 UTC [129] supabase_admin@postgres LOG:  statement: alter default privileges in schema extensions grant all on tables to postgres with grant option;
ALTER DEFAULT PRIVILEGES
[local] 2026-08-10 17:08:56.858 UTC [129] supabase_admin@postgres LOG:  statement: alter default privileges in schema extensions grant all on routines to postgres with grant option;
ALTER DEFAULT PRIVILEGES
[local] 2026-08-10 17:08:56.859 UTC [129] supabase_admin@postgres LOG:  statement: alter default privileges in schema extensions grant all on sequences to postgres with grant option;
ALTER DEFAULT PRIVILEGES
/docker-entrypoint-initdb.d/migrate.sh: running /docker-entrypoint-initdb.d/migrations/20230306081037_grant_pg_monitor_to_postgres.sql
[local] 2026-08-10 17:08:56.864 UTC [131] supabase_admin@postgres LOG:  statement: grant pg_monitor to postgres;
GRANT ROLE
/docker-entrypoint-initdb.d/migrate.sh: running /docker-entrypoint-initdb.d/migrations/20230327032006_grant_auth_roles_to_supabase_storage_admin.sql
[local] 2026-08-10 17:08:56.870 UTC [133] supabase_admin@postgres LOG:  statement: grant anon, authenticated, service_role to supabase_storage_admin;
GRANT ROLE
/docker-entrypoint-initdb.d/migrate.sh: running /docker-entrypoint-initdb.d/migrations/20230529180330_alter_api_roles_for_inherit.sql
[local] 2026-08-10 17:08:56.876 UTC [135] supabase_admin@postgres LOG:  statement: ALTER ROLE authenticated inherit;
ALTER ROLE
[local] 2026-08-10 17:08:56.877 UTC [135] supabase_admin@postgres LOG:  statement: ALTER ROLE anon inherit;
ALTER ROLE
[local] 2026-08-10 17:08:56.877 UTC [135] supabase_admin@postgres LOG:  statement: ALTER ROLE service_role inherit;
ALTER ROLE
DO
/docker-entrypoint-initdb.d/migrate.sh: running /docker-entrypoint-initdb.d/migrations/20231013070755_grant_authenticator_to_supabase_storage_admin.sql
[local] 2026-08-10 17:08:56.884 UTC [137] supabase_admin@postgres LOG:  statement: grant authenticator to supabase_storage_admin;
GRANT ROLE
[local] 2026-08-10 17:08:56.884 UTC [137] supabase_admin@postgres LOG:  statement: revoke anon, authenticated, service_role from supabase_storage_admin;
REVOKE ROLE
/docker-entrypoint-initdb.d/migrate.sh: running /docker-entrypoint-initdb.d/migrations/20231017062225_grant_pg_graphql_permissions_for_custom_roles.sql
[local] 2026-08-10 17:08:56.890 UTC [139] supabase_admin@postgres LOG:  statement: create or replace function extensions.grant_pg_graphql_access()
	    returns event_trigger
	    language plpgsql
	AS $func$
	DECLARE
	    func_is_graphql_resolve bool;
	BEGIN
	    func_is_graphql_resolve = (
	        SELECT n.proname = 'resolve'
	        FROM pg_event_trigger_ddl_commands() AS ev
	        LEFT JOIN pg_catalog.pg_proc AS n
	        ON ev.objid = n.oid
	    );
	
	    IF func_is_graphql_resolve
	    THEN
	        -- Update public wrapper to pass all arguments through to the pg_graphql resolve func
	        DROP FUNCTION IF EXISTS graphql_public.graphql;
	        create or replace function graphql_public.graphql(
	            "operationName" text default null,
	            query text default null,
	            variables jsonb default null,
	            extensions jsonb default null
	        )
	            returns jsonb
	            language sql
	        as $$
	            select graphql.resolve(
	                query := query,
	                variables := coalesce(variables, '{}'),
	                "operationName" := "operationName",
	                extensions := extensions
	            );
	        $$;
	
	        -- This hook executes when `graphql.resolve` is created. That is not necessarily the last
	        -- function in the extension so we need to grant permissions on existing entities AND
	        -- update default permissions to any others that are created after `graphql.resolve`
	        grant usage on schema graphql to postgres, anon, authenticated, service_role;
	        grant select on all tables in schema graphql to postgres, anon, authenticated, service_role;
	        grant execute on all functions in schema graphql to postgres, anon, authenticated, service_role;
	        grant all on all sequences in schema graphql to postgres, anon, authenticated, service_role;
	        alter default privileges in schema graphql grant all on tables to postgres, anon, authenticated, service_role;
	        alter default privileges in schema graphql grant all on functions to postgres, anon, authenticated, service_role;
	        alter default privileges in schema graphql grant all on sequences to postgres, anon, authenticated, service_role;
	
	        -- Allow postgres role to allow granting usage on graphql and graphql_public schemas to custom roles
	        grant usage on schema graphql_public to postgres with grant option;
	        grant usage on schema graphql to postgres with grant option;
	    END IF;
	
	END;
	$func$;
CREATE FUNCTION
[local] 2026-08-10 17:08:56.893 UTC [139] supabase_admin@postgres LOG:  statement: drop extension if exists pg_graphql;
DROP EXTENSION
DO
/docker-entrypoint-initdb.d/migrate.sh: running /docker-entrypoint-initdb.d/migrations/20231020085357_revoke_writes_on_cron_job_from_postgres.sql
DO
[local] 2026-08-10 17:08:56.918 UTC [141] supabase_admin@postgres LOG:  statement: CREATE OR REPLACE FUNCTION extensions.grant_pg_cron_access() RETURNS event_trigger
	    LANGUAGE plpgsql
	    AS $$
	BEGIN
	  IF EXISTS (
	    SELECT
	    FROM pg_event_trigger_ddl_commands() AS ev
	    JOIN pg_extension AS ext
	    ON ev.objid = ext.oid
	    WHERE ext.extname = 'pg_cron'
	  )
	  THEN
	    grant usage on schema cron to postgres with grant option;
	
	    alter default privileges in schema cron grant all on tables to postgres with grant option;
	    alter default privileges in schema cron grant all on functions to postgres with grant option;
	    alter default privileges in schema cron grant all on sequences to postgres with grant option;
	
	    alter default privileges for user supabase_admin in schema cron grant all
	        on sequences to postgres with grant option;
	    alter default privileges for user supabase_admin in schema cron grant all
	        on tables to postgres with grant option;
	    alter default privileges for user supabase_admin in schema cron grant all
	        on functions to postgres with grant option;
	
	    grant all privileges on all tables in schema cron to postgres with grant option;
	    revoke all on table cron.job from postgres;
	    grant select on table cron.job to postgres with grant option;
	  END IF;
	END;
	$$;
CREATE FUNCTION
[local] 2026-08-10 17:08:56.920 UTC [141] supabase_admin@postgres LOG:  statement: drop event trigger if exists issue_pg_cron_access;
DROP EVENT TRIGGER
[local] 2026-08-10 17:08:56.920 UTC [141] supabase_admin@postgres LOG:  statement: alter function extensions.grant_pg_cron_access owner to supabase_admin;
ALTER FUNCTION
[local] 2026-08-10 17:08:56.921 UTC [141] supabase_admin@postgres LOG:  statement: CREATE EVENT TRIGGER issue_pg_cron_access ON ddl_command_end
	         WHEN TAG IN ('CREATE EXTENSION')
	   EXECUTE FUNCTION extensions.grant_pg_cron_access();
CREATE EVENT TRIGGER
/docker-entrypoint-initdb.d/migrate.sh: running /docker-entrypoint-initdb.d/migrations/20231130133139_set_lock_timeout_to_authenticator_role.sql
[local] 2026-08-10 17:08:56.927 UTC [143] supabase_admin@postgres LOG:  statement: ALTER ROLE authenticator set lock_timeout to '8s';
ALTER ROLE
/docker-entrypoint-initdb.d/migrate.sh: running /docker-entrypoint-initdb.d/migrations/20240124080435_alter_lo_export_lo_import_owner.sql
[local] 2026-08-10 17:08:56.933 UTC [145] supabase_admin@postgres LOG:  statement: alter function pg_catalog.lo_export owner to supabase_admin;
ALTER FUNCTION
[local] 2026-08-10 17:08:56.934 UTC [145] supabase_admin@postgres LOG:  statement: alter function pg_catalog.lo_import(text) owner to supabase_admin;
ALTER FUNCTION
[local] 2026-08-10 17:08:56.935 UTC [145] supabase_admin@postgres LOG:  statement: alter function pg_catalog.lo_import(text, oid) owner to supabase_admin;
ALTER FUNCTION
/docker-entrypoint-initdb.d/migrate.sh: running /docker-entrypoint-initdb.d/migrations/20240606060239_grant_predefined_roles_to_postgres.sql
[local] 2026-08-10 17:08:56.940 UTC [147] supabase_admin@postgres LOG:  statement: grant pg_read_all_data, pg_signal_backend to postgres;
GRANT ROLE
/docker-entrypoint-initdb.d/migrate.sh: running /docker-entrypoint-initdb.d/migrations/20241031003909_create_orioledb.sql
DO
/docker-entrypoint-initdb.d/migrate.sh: running /docker-entrypoint-initdb.d/migrations/20241215003910_backfill_pgmq_metadata.sql
DO
DO
/docker-entrypoint-initdb.d/migrate.sh: running /docker-entrypoint-initdb.d/migrations/20250205060043_disable_log_statement_on_internal_roles.sql
[local] 2026-08-10 17:08:56.966 UTC [153] supabase_admin@postgres LOG:  statement: alter role supabase_admin set log_statement = none;
ALTER ROLE
[local] 2026-08-10 17:08:56.966 UTC [153] supabase_admin@postgres LOG:  statement: alter role supabase_auth_admin set log_statement = none;
ALTER ROLE
[local] 2026-08-10 17:08:56.967 UTC [153] supabase_admin@postgres LOG:  statement: alter role supabase_storage_admin set log_statement = none;
ALTER ROLE
/docker-entrypoint-initdb.d/migrate.sh: running /docker-entrypoint-initdb.d/migrations/20250205144616_move_orioledb_to_extensions_schema.sql
DO
/docker-entrypoint-initdb.d/migrate.sh: running /docker-entrypoint-initdb.d/migrations/20250218031949_pgsodium_mask_role.sql
DO
/docker-entrypoint-initdb.d/migrate.sh: running /docker-entrypoint-initdb.d/migrations/20250220051611_pg_net_perms_fix.sql
CREATE FUNCTION
DO
/docker-entrypoint-initdb.d/migrate.sh: running /docker-entrypoint-initdb.d/migrations/20250312095419_pgbouncer_ownership.sql
ALTER FUNCTION
GRANT
/docker-entrypoint-initdb.d/migrate.sh: running /docker-entrypoint-initdb.d/migrations/20250402065937_alter_internal_event_triggers_owner_to_supabase_admin.sql
DROP EVENT TRIGGER
ALTER FUNCTION
CREATE EVENT TRIGGER
/docker-entrypoint-initdb.d/migrate.sh: running /docker-entrypoint-initdb.d/migrations/20250402093753_grant_subscription_to_postgres_16_and_above.sql
DO
/docker-entrypoint-initdb.d/migrate.sh: running /docker-entrypoint-initdb.d/migrations/20250417190610_update_pgbouncer_get_auth.sql
CREATE FUNCTION
GRANT
/docker-entrypoint-initdb.d/migrate.sh: running /docker-entrypoint-initdb.d/migrations/20250421084701_revoke_admin_roles_from_postgres.sql
REVOKE ROLE
DO
DO
REVOKE ROLE
REVOKE
DO
/docker-entrypoint-initdb.d/migrate.sh: running /docker-entrypoint-initdb.d/migrations/20250605172253_grant_with_admin_to_postgres_16_and_above.sql
DO
/docker-entrypoint-initdb.d/migrate.sh: running /docker-entrypoint-initdb.d/migrations/20250623125453_tmp_grant_storage_tables_to_postgres_with_grant_option.sql
DO
/docker-entrypoint-initdb.d/migrate.sh: running /docker-entrypoint-initdb.d/migrations/20250709135250_grant_storage_schema_to_postgres_with_grant_option.sql
DO
/docker-entrypoint-initdb.d/migrate.sh: running /docker-entrypoint-initdb.d/migrations/20250710151649_supabase_read_only_user_default_transaction_read_only.sql
ALTER ROLE
/docker-entrypoint-initdb.d/migrate.sh: running /docker-entrypoint-initdb.d/migrations/20251001204436_predefined_role_grants.sql
GRANT ROLE
DO
/docker-entrypoint-initdb.d/migrate.sh: running /docker-entrypoint-initdb.d/migrations/20251105172723_grant_pg_reload_conf_to_postgres.sql
GRANT
/docker-entrypoint-initdb.d/migrate.sh: running /docker-entrypoint-initdb.d/migrations/20251121132723_correct_search_path_pgbouncer.sql
CREATE FUNCTION
REVOKE
REVOKE
GRANT
/docker-entrypoint-initdb.d/migrate.sh: running /docker-entrypoint-initdb.d/migrations/20260211120934_supabase_privileged_role.sql
DO
/docker-entrypoint-initdb.d/migrate.sh: running /docker-entrypoint-initdb.d/migrations/20260413000000_fix-authenticator-session-preload-libraries.sql
ALTER ROLE
/docker-entrypoint-initdb.d/migrate.sh: running /docker-entrypoint-initdb.d/migrations/20260421000000_pg_graphql-off-by-default.sql
DROP EXTENSION
/docker-entrypoint-initdb.d/migrate.sh: running /docker-entrypoint-initdb.d/migrations/20260421000001_rescope_pg_graphql_access_trigger.sql
CREATE FUNCTION
DROP EVENT TRIGGER
CREATE EVENT TRIGGER
 pg_stat_statements_reset 
--------------------------
 
(1 row)

 pg_stat_reset 
---------------
 
(1 row)


/usr/local/bin/docker-entrypoint.sh: ignoring /docker-entrypoint-initdb.d/migrations

waiting for server to shut down... 2026-08-10 17:08:57.128 UTC [48] LOG:  received fast shutdown request
. 2026-08-10 17:08:57.133 UTC [48] LOG:  aborting any active transactions
 2026-08-10 17:08:57.133 UTC [63] LOG:  pg_cron scheduler shutting down
 2026-08-10 17:08:57.133 UTC [61] FATAL:  terminating background worker "TimescaleDB Background Worker Launcher" due to administrator command
 2026-08-10 17:08:57.137 UTC [48] LOG:  background worker "TimescaleDB Background Worker Launcher" (PID 61) exited with exit code 1
 2026-08-10 17:08:57.137 UTC [48] LOG:  background worker "pg_cron launcher" (PID 63) exited with exit code 1
 2026-08-10 17:08:57.137 UTC [48] LOG:  background worker "logical replication launcher" (PID 64) exited with exit code 1
 2026-08-10 17:08:57.137 UTC [56] LOG:  shutting down
 2026-08-10 17:08:57.138 UTC [56] LOG:  checkpoint starting: shutdown immediate
 2026-08-10 17:08:57.168 UTC [56] LOG:  checkpoint complete: wrote 239 buffers (1.5%); 0 WAL file(s) added, 0 removed, 0 recycled; write=0.003 s, sync=0.026 s, total=0.032 s; sync files=126, longest=0.002 s, average=0.001 s; distance=1575 kB, estimate=1575 kB
 2026-08-10 17:08:57.182 UTC [48] LOG:  database system is shut down
 done
server stopped

PostgreSQL init process complete; ready for start up.

 2026-08-10 17:08:57.243 UTC [1] LOG:  pgaudit extension initialized
 2026-08-10 17:08:57.251 UTC [1] LOG:  pgsodium primary server secret key loaded
 2026-08-10 17:08:57.256 UTC [1] LOG:  vault primary server secret key loaded
 2026-08-10 17:08:57.288 UTC [1] LOG:  starting PostgreSQL 15.14 on x86_64-pc-linux-gnu, compiled by gcc (GCC) 15.2.0, 64-bit
 2026-08-10 17:08:57.288 UTC [1] LOG:  listening on IPv4 address "0.0.0.0", port 5432
 2026-08-10 17:08:57.288 UTC [1] LOG:  listening on IPv6 address "::", port 5432
 2026-08-10 17:08:57.289 UTC [1] LOG:  listening on Unix socket "/var/run/postgresql/.s.PGSQL.5432"
 2026-08-10 17:08:57.293 UTC [214] LOG:  database system was shut down at 2026-08-10 17:08:57 UTC
 2026-08-10 17:08:57.299 UTC [217] LOG:  TimescaleDB background worker launcher connected to shared catalogs
 2026-08-10 17:08:57.299 UTC [1] LOG:  database system is ready to accept connections
 2026-08-10 17:08:57.304 UTC [219] LOG:  pg_cron scheduler started
127.0.0.1 2026-08-10 17:08:59.319 UTC [242] postgres@postgres LOG:  statement: CREATE SCHEMA "cs_accept_b0_31412217066_1_793708e7";
172.17.0.1 2026-08-10 17:09:00.843 UTC [258] postgres@postgres LOG:  statement: CREATE TABLE _prisma_migrations (
	    id                      VARCHAR(36) PRIMARY KEY NOT NULL,
	    checksum                VARCHAR(64) NOT NULL,
	    finished_at             TIMESTAMPTZ,
	    migration_name          VARCHAR(255) NOT NULL,
	    logs                    TEXT,
	    rolled_back_at          TIMESTAMPTZ,
	    started_at              TIMESTAMPTZ NOT NULL DEFAULT now(),
	    applied_steps_count     INTEGER NOT NULL DEFAULT 0
	);
	
172.17.0.1 2026-08-10 17:09:00.852 UTC [258] postgres@postgres LOG:  statement: -- CreateTable
	CREATE TABLE "User" (
	    "id" TEXT NOT NULL,
	    "openid" TEXT NOT NULL,
	    "unionid" TEXT,
	    "nickname" TEXT,
	    "avatarUrl" TEXT,
	    "status" TEXT NOT NULL DEFAULT 'active',
	    "policyAgreedAt" TIMESTAMP(3),
	    "createdAt" TIMESTAMP(3) NOT NULL DEFAULT CURRENT_TIMESTAMP,
	    "updatedAt" TIMESTAMP(3) NOT NULL,
	
	    CONSTRAINT "User_pkey" PRIMARY KEY ("id")
	);
	
	-- CreateTable
	CREATE TABLE "WorldTemplate" (
	    "id" TEXT NOT NULL,
	    "name" TEXT NOT NULL,
	    "genre" TEXT NOT NULL,
	    "hook" TEXT NOT NULL,
	    "worldBase" TEXT NOT NULL,
	    "status" TEXT NOT NULL DEFAULT 'draft',
	    "configJson" JSONB NOT NULL,
	    "createdAt" TIMESTAMP(3) NOT NULL DEFAULT CURRENT_TIMESTAMP,
	    "updatedAt" TIMESTAMP(3) NOT NULL,
	
	    CONSTRAINT "WorldTemplate_pkey" PRIMARY KEY ("id")
	);
	
	-- CreateTable
	CREATE TABLE "StoryRun" (
	    "id" TEXT NOT NULL,
	    "templateId" TEXT NOT NULL,
	    "ownerUserId" TEXT NOT NULL,
	    "title" TEXT NOT NULL,
	    "hook" TEXT NOT NULL,
	    "mode" TEXT NOT NULL DEFAULT 'invite',
	    "templateKey" TEXT NOT NULL DEFAULT 'sangtian',
	    "userId" TEXT,
	    "selectedRoleKey" TEXT,
	    "status" TEXT NOT NULL DEFAULT 'waiting_players',
	    "currentDay" INTEGER NOT NULL DEFAULT 1,
	    "totalDays" INTEGER NOT NULL DEFAULT 7,
	    "version" INTEGER NOT NULL DEFAULT 1,
	    "currentChapter" INTEGER NOT NULL DEFAULT 1,
	    "currentNodeId" TEXT,
	    "maxPlayers" INTEGER NOT NULL DEFAULT 5,
	    "activeHumanCount" INTEGER NOT NULL DEFAULT 1,
	    "aiPlayerCount" INTEGER NOT NULL DEFAULT 0,
	    "dangerLevel" INTEGER NOT NULL DEFAULT 1,
	    "maxDangerLevel" INTEGER NOT NULL DEFAULT 5,
	    "chapterCount" INTEGER NOT NULL DEFAULT 0,
	    "completedNodeCount" INTEGER NOT NULL DEFAULT 0,
	    "summary" TEXT,
	    "stateJson" JSONB NOT NULL,
	    "visibility" TEXT NOT NULL DEFAULT 'link',
	    "inviteCode" TEXT NOT NULL,
	    "createdAt" TIMESTAMP(3) NOT NULL DEFAULT CURRENT_TIMESTAMP,
	    "updatedAt" TIMESTAMP(3) NOT NULL,
	
	    CONSTRAINT "StoryRun_pkey" PRIMARY KEY ("id")
	);
	
	-- CreateTable
	CREATE TABLE "StoryEvent" (
	    "id" TEXT NOT NULL,
	    "runId" TEXT NOT NULL,
	    "day" INTEGER NOT NULL,
	    "type" TEXT NOT NULL,
	    "messageType" TEXT NOT NULL DEFAULT 'system',
	    "roleKey" TEXT,
	    "visibility" TEXT NOT NULL DEFAULT 'player_visible',
	    "payloadJson" JSONB NOT NULL,
	    "createdAt" TIMESTAMP(3) NOT NULL DEFAULT CURRENT_TIMESTAMP,
	
	    CONSTRAINT "StoryEvent_pkey" PRIMARY KEY ("id")
	);
	
	-- CreateTable
	CREATE TABLE "StoryPlayer" (
	    "id" TEXT NOT NULL,
	    "runId" TEXT NOT NULL,
	    "userId" TEXT,
	    "roleId" TEXT,
	    "playerType" TEXT NOT NULL DEFAULT 'human',
	    "status" TEXT NOT NULL DEFAULT 'active',
	    "joinedAt" TIMESTAMP(3) NOT NULL DEFAULT CURRENT_TIMESTAMP,
	    "lastActiveAt" TIMESTAMP(3),
	
	    CONSTRAINT "StoryPlayer_pkey" PRIMARY KEY ("id")
	);
	
	-- CreateTable
	CREATE TABLE "StoryRole" (
	    "id" TEXT NOT NULL,
	    "runId" TEXT NOT NULL,
	    "roleKey" TEXT NOT NULL,
	    "roleName" TEXT NOT NULL,
	    "identity" TEXT NOT NULL,
	    "publicInfo" TEXT NOT NULL,
	    "hiddenSecret" TEXT,
	    "personalGoal" TEXT NOT NULL,
	    "currentState" TEXT NOT NULL,
	    "abilityText" TEXT,
	    "arcText" TEXT,
	    "knownInfoJson" JSONB NOT NULL,
	    "cannotDoJson" JSONB NOT NULL,
	    "isAiControlled" BOOLEAN NOT NULL DEFAULT false,
	    "status" TEXT NOT NULL DEFAULT 'available',
	    "createdAt" TIMESTAMP(3) NOT NULL DEFAULT CURRENT_TIMESTAMP,
	    "updatedAt" TIMESTAMP(3) NOT NULL,
	
	    CONSTRAINT "StoryRole_pkey" PRIMARY KEY ("id")
	);
	
	-- CreateTable
	CREATE TABLE "RoleRelation" (
	    "id" TEXT NOT NULL,
	    "runId" TEXT NOT NULL,
	    "fromRoleId" TEXT NOT NULL,
	    "toRoleId" TEXT NOT NULL,
	    "relationType" TEXT NOT NULL,
	    "score" INTEGER NOT NULL DEFAULT 0,
	    "publicNote" TEXT,
	    "hiddenNote" TEXT,
	    "updatedByNodeId" TEXT,
	    "createdAt" TIMESTAMP(3) NOT NULL DEFAULT CURRENT_TIMESTAMP,
	    "updatedAt" TIMESTAMP(3) NOT NULL,
	
	    CONSTRAINT "RoleRelation_pkey" PRIMARY KEY ("id")
	);
	
	-- CreateTable
	CREATE TABLE "ChapterSandbox" (
	    "id" TEXT NOT NULL,
	    "runId" TEXT NOT NULL,
	    "chapterIndex" INTEGER NOT NULL,
	    "title" TEXT NOT NULL,
	    "mainLocation" TEXT NOT NULL,
	    "chapterGoal" TEXT NOT NULL,
	    "currentQuestion" TEXT NOT NULL,
	    "sandboxJson" JSONB NOT NULL,
	    "status" TEXT NOT NULL DEFAULT 'active',
	    "createdAt" TIMESTAMP(3) NOT NULL DEFAULT CURRENT_TIMESTAMP,
	    "updatedAt" TIMESTAMP(3) NOT NULL,
	
	    CONSTRAINT "ChapterSandbox_pkey" PRIMARY KEY ("id")
	);
	
	-- CreateTable
	CREATE TABLE "SceneNode" (
	    "id" TEXT NOT NULL,
	    "runId" TEXT NOT NULL,
	    "chapterIndex" INTEGER NOT NULL,
	    "nodeIndex" INTEGER NOT NULL,
	    "title" TEXT NOT NULL,
	    "publicNarration" TEXT NOT NULL,
	    "nodeGoal" TEXT NOT NULL,
	    "status" TEXT NOT NULL DEFAULT 'open_for_actions',
	    "actionOptionsJson" JSONB NOT NULL,
	    "resolutionId" TEXT,
	    "openedAt" TIMESTAMP(3) NOT NULL DEFAULT CURRENT_TIMESTAMP,
	    "resolvedAt" TIMESTAMP(3),
	    "createdAt" TIMESTAMP(3) NOT NULL DEFAULT CURRENT_TIMESTAMP,
	    "updatedAt" TIMESTAMP(3) NOT NULL,
	
	    CONSTRAINT "SceneNode_pkey" PRIMARY KEY ("id")
	);
	
	-- CreateTable
	CREATE TABLE "PlayerAction" (
	    "id" TEXT NOT NULL,
	    "runId" TEXT NOT NULL,
	    "nodeId" TEXT NOT NULL,
	    "chapterIndex" INTEGER NOT NULL,
	    "userId" TEXT,
	    "roleId" TEXT NOT NULL,
	    "playerType" TEXT NOT NULL DEFAULT 'human',
	    "actionType" TEXT NOT NULL,
	    "targetType" TEXT,
	    "targetId" TEXT,
	    "targetText" TEXT,
	    "method" TEXT NOT NULL,
	    "intent" TEXT NOT NULL,
	    "riskLevel" TEXT NOT NULL DEFAULT 'normal',
	    "freeText" TEXT,
	    "normalizedJson" JSONB,
	    "guardStatus" TEXT NOT NULL DEFAULT 'pending',
	    "guardReason" TEXT,
	    "auditStatus" TEXT NOT NULL DEFAULT 'pending',
	    "status" TEXT NOT NULL DEFAULT 'draft',
	    "createdAt" TIMESTAMP(3) NOT NULL DEFAULT CURRENT_TIMESTAMP,
	    "updatedAt" TIMESTAMP(3) NOT NULL,
	
	    CONSTRAINT "PlayerAction_pkey" PRIMARY KEY ("id")
	);
	
	-- CreateTable
	CREATE TABLE "DirectorResolution" (
	    "id" TEXT NOT NULL,
	    "runId" TEXT NOT NULL,
	    "nodeId" TEXT NOT NULL,
	    "chapterIndex" INTEGER NOT NULL,
	    "summary" TEXT NOT NULL,
	    "publicNarration" TEXT NOT NULL,
	    "privateResultsJson" JSONB NOT NULL,
	    "actionResultsJson" JSONB NOT NULL,
	    "statePatchJson" JSONB NOT NULL,
	    "clueChangesJson" JSONB NOT NULL,
	    "relationChangesJson" JSONB NOT NULL,
	    "dangerBefore" INTEGER NOT NULL,
	    "dangerAfter" INTEGER NOT NULL,
	    "nextNodeHook" TEXT,
	    "nextOptionsJson" JSONB,
	    "auditStatus" TEXT NOT NULL DEFAULT 'ok',
	    "createdAt" TIMESTAMP(3) NOT NULL DEFAULT CURRENT_TIMESTAMP,
	    "updatedAt" TIMESTAMP(3) NOT NULL,
	
	    CONSTRAINT "DirectorResolution_pkey" PRIMARY KEY ("id")
	);
	
	-- CreateTable
	CREATE TABLE "NarrativeSegment" (
	    "id" TEXT NOT NULL,
	    "runId" TEXT NOT NULL,
	    "nodeId" TEXT NOT NULL,
	    "resolutionId" TEXT NOT NULL,
	    "chapterIndex" INTEGER NOT NULL,
	    "content" TEXT NOT NULL,
	    "contributorJson" JSONB NOT NULL,
	    "auditStatus" TEXT NOT NULL DEFAULT 'ok',
	    "createdAt" TIMESTAMP(3) NOT NULL DEFAULT CURRENT_TIMESTAMP,
	
	    CONSTRAINT "NarrativeSegment_pkey" PRIMARY KEY ("id")
	);
	
	-- CreateTable
	CREATE TABLE "Clue" (
	    "id" TEXT NOT NULL,
	    "runId" TEXT NOT NULL,
	    "clueKey" TEXT NOT NULL,
	    "title" TEXT NOT NULL,
	    "description" TEXT NOT NULL,
	    "visibility" TEXT NOT NULL DEFAULT 'public',
	    "ownerRoleId" TEXT,
	    "discoveredNodeId" TEXT,
	    "status" TEXT NOT NULL DEFAULT 'active',
	    "createdAt" TIMESTAMP(3) NOT NULL DEFAULT CURRENT_TIMESTAMP,
	    "updatedAt" TIMESTAMP(3) NOT NULL,
	
	    CONSTRAINT "Clue_pkey" PRIMARY KEY ("id")
	);
	
	-- CreateTable
	CREATE TABLE "WorldStateSnapshot" (
	    "id" TEXT NOT NULL,
	    "runId" TEXT NOT NULL,
	    "nodeId" TEXT,
	    "chapterIndex" INTEGER NOT NULL,
	    "stateJson" JSONB NOT NULL,
	    "factsJson" JSONB NOT NULL,
	    "createdAt" TIMESTAMP(3) NOT NULL DEFAULT CURRENT_TIMESTAMP,
	
	    CONSTRAINT "WorldStateSnapshot_pkey" PRIMARY KEY ("id")
	);
	
	-- CreateTable
	CREATE TABLE "Chapter" (
	    "id" TEXT NOT NULL,
	    "runId" TEXT NOT NULL,
	    "chapterIndex" INTEGER NOT NULL,
	    "title" TEXT NOT NULL,
	    "content" TEXT NOT NULL,
	    "highlightsJson" JSONB NOT NULL,
	    "keyChoicesJson" JSONB NOT NULL,
	    "contributorJson" JSONB NOT NULL,
	    "nextHook" TEXT,
	    "auditStatus" TEXT NOT NULL DEFAULT 'ok',
	    "status" TEXT NOT NULL DEFAULT 'generated',
	    "createdAt" TIMESTAMP(3) NOT NULL DEFAULT CURRENT_TIMESTAMP,
	    "updatedAt" TIMESTAMP(3) NOT NULL,
	
	    CONSTRAINT "Chapter_pkey" PRIMARY KEY ("id")
	);
	
	-- CreateTable
	CREATE TABLE "Notification" (
	    "id" TEXT NOT NULL,
	    "userId" TEXT NOT NULL,
	    "runId" TEXT,
	    "nodeId" TEXT,
	    "chapterId" TEXT,
	    "type" TEXT NOT NULL,
	    "title" TEXT NOT NULL,
	    "content" TEXT NOT NULL,
	    "isRead" BOOLEAN NOT NULL DEFAULT false,
	    "createdAt" TIMESTAMP(3) NOT NULL DEFAULT CURRENT_TIMESTAMP,
	
	    CONSTRAINT "Notification_pkey" PRIMARY KEY ("id")
	);
	
	-- CreateTable
	CREATE TABLE "AiTask" (
	    "id" TEXT NOT NULL,
	    "runId" TEXT,
	    "nodeId" TEXT,
	    "actionId" TEXT,
	    "chapterId" TEXT,
	    "taskType" TEXT NOT NULL,
	    "modelType" TEXT NOT NULL,
	    "promptVersion" TEXT,
	    "status" TEXT NOT NULL DEFAULT 'pending',
	    "inputJson" JSONB,
	    "resultJson" JSONB,
	    "inputTokens" INTEGER,
	    "outputTokens" INTEGER,
	    "cost" DOUBLE PRECISION,
	    "errorMessage" TEXT,
	    "createdAt" TIMESTAMP(3) NOT NULL DEFAULT CURRENT_TIMESTAMP,
	    "updatedAt" TIMESTAMP(3) NOT NULL,
	
	    CONSTRAINT "AiTask_pkey" PRIMARY KEY ("id")
	);
	
	-- CreateTable
	CREATE TABLE "AuditLog" (
	    "id" TEXT NOT NULL,
	    "targetType" TEXT NOT NULL,
	    "targetId" TEXT,
	    "content" TEXT NOT NULL,
	    "result" TEXT NOT NULL,
	    "riskType" TEXT,
	    "provider" TEXT NOT NULL DEFAULT 'mock',
	    "createdAt" TIMESTAMP(3) NOT NULL DEFAULT CURRENT_TIMESTAMP,
	
	    CONSTRAINT "AuditLog_pkey" PRIMARY KEY ("id")
	);
	
	-- CreateTable
	CREATE TABLE "EventLog" (
	    "id" TEXT NOT NULL,
	    "userId" TEXT,
	    "runId" TEXT,
	    "nodeId" TEXT,
	    "actionId" TEXT,
	    "eventName" TEXT NOT NULL,
	    "source" TEXT,
	    "shareToken" TEXT,
	    "payload" JSONB,
	    "createdAt" TIMESTAMP(3) NOT NULL DEFAULT CURRENT_TIMESTAMP,
	
	    CONSTRAINT "EventLog_pkey" PRIMARY KEY ("id")
	);
	
	-- CreateTable
	CREATE TABLE "ShareToken" (
	    "id" TEXT NOT NULL,
	    "token" TEXT NOT NULL,
	    "runId" TEXT NOT NULL,
	    "chapterId" TEXT,
	    "shareUserId" TEXT NOT NULL,
	    "scene" TEXT NOT NULL,
	    "channel" TEXT NOT NULL,
	    "createdAt" TIMESTAMP(3) NOT NULL DEFAULT CURRENT_TIMESTAMP,
	
	    CONSTRAINT "ShareToken_pkey" PRIMARY KEY ("id")
	);
	
	-- CreateIndex
	CREATE UNIQUE INDEX "User_openid_key" ON "User"("openid");
	
	-- CreateIndex
	CREATE INDEX "User_status_idx" ON "User"("status");
	
	-- CreateIndex
	CREATE INDEX "User_createdAt_idx" ON "User"("createdAt");
	
	-- CreateIndex
	CREATE INDEX "WorldTemplate_status_idx" ON "WorldTemplate"("status");
	
	-- CreateIndex
	CREATE INDEX "WorldTemplate_genre_idx" ON "WorldTemplate"("genre");
	
	-- CreateIndex
	CREATE UNIQUE INDEX "StoryRun_inviteCode_key" ON "StoryRun"("inviteCode");
	
	-- CreateIndex
	CREATE INDEX "StoryRun_templateId_idx" ON "StoryRun"("templateId");
	
	-- CreateIndex
	CREATE INDEX "StoryRun_ownerUserId_idx" ON "StoryRun"("ownerUserId");
	
	-- CreateIndex
	CREATE INDEX "StoryRun_status_updatedAt_idx" ON "StoryRun"("status", "updatedAt");
	
	-- CreateIndex
	CREATE INDEX "StoryRun_visibility_status_idx" ON "StoryRun"("visibility", "status");
	
	-- CreateIndex
	CREATE INDEX "StoryRun_templateKey_status_idx" ON "StoryRun"("templateKey", "status");
	
	-- CreateIndex
	CREATE INDEX "StoryEvent_runId_day_createdAt_idx" ON "StoryEvent"("runId", "day", "createdAt");
	
	-- CreateIndex
	CREATE INDEX "StoryEvent_runId_type_idx" ON "StoryEvent"("runId", "type");
	
	-- CreateIndex
	CREATE INDEX "StoryPlayer_runId_status_idx" ON "StoryPlayer"("runId", "status");
	
	-- CreateIndex
	CREATE INDEX "StoryPlayer_userId_idx" ON "StoryPlayer"("userId");
	
	-- CreateIndex
	CREATE UNIQUE INDEX "StoryPlayer_runId_userId_key" ON "StoryPlayer"("runId", "userId");
	
	-- CreateIndex
	CREATE UNIQUE INDEX "StoryPlayer_runId_roleId_key" ON "StoryPlayer"("runId", "roleId");
	
	-- CreateIndex
	CREATE INDEX "StoryRole_runId_status_idx" ON "StoryRole"("runId", "status");
	
	-- CreateIndex
	CREATE INDEX "StoryRole_isAiControlled_idx" ON "StoryRole"("isAiControlled");
	
	-- CreateIndex
	CREATE UNIQUE INDEX "StoryRole_runId_roleKey_key" ON "StoryRole"("runId", "roleKey");
	
	-- CreateIndex
	CREATE INDEX "RoleRelation_runId_idx" ON "RoleRelation"("runId");
	
	-- CreateIndex
	CREATE INDEX "RoleRelation_fromRoleId_idx" ON "RoleRelation"("fromRoleId");
	
	-- CreateIndex
	CREATE INDEX "RoleRelation_toRoleId_idx" ON "RoleRelation"("toRoleId");
	
	-- CreateIndex
	CREATE UNIQUE INDEX "RoleRelation_runId_fromRoleId_toRoleId_relationType_key" ON "RoleRelation"("runId", "fromRoleId", "toRoleId", "relationType");
	
	-- CreateIndex
	CREATE INDEX "ChapterSandbox_runId_status_idx" ON "ChapterSandbox"("runId", "status");
	
	-- CreateIndex
	CREATE UNIQUE INDEX "ChapterSandbox_runId_chapterIndex_key" ON "ChapterSandbox"("runId", "chapterIndex");
	
	-- CreateIndex
	CREATE INDEX "SceneNode_runId_status_idx" ON "SceneNode"("runId", "status");
	
	-- CreateIndex
	CREATE INDEX "SceneNode_chapterIndex_idx" ON "SceneNode"("chapterIndex");
	
	-- CreateIndex
	CREATE UNIQUE INDEX "SceneNode_runId_chapterIndex_nodeIndex_key" ON "SceneNode"("runId", "chapterIndex", "nodeIndex");
	
	-- CreateIndex
	CREATE INDEX "PlayerAction_runId_nodeId_idx" ON "PlayerAction"("runId", "nodeId");
	
	-- CreateIndex
	CREATE INDEX "PlayerAction_userId_idx" ON "PlayerAction"("userId");
	
	-- CreateIndex
	CREATE INDEX "PlayerAction_status_auditStatus_guardStatus_idx" ON "PlayerAction"("status", "auditStatus", "guardStatus");
	
	-- CreateIndex
	CREATE UNIQUE INDEX "PlayerAction_nodeId_roleId_key" ON "PlayerAction"("nodeId", "roleId");
	
	-- CreateIndex
	CREATE UNIQUE INDEX "DirectorResolution_nodeId_key" ON "DirectorResolution"("nodeId");
	
	-- CreateIndex
	CREATE INDEX "DirectorResolution_runId_chapterIndex_idx" ON "DirectorResolution"("runId", "chapterIndex");
	
	-- CreateIndex
	CREATE INDEX "DirectorResolution_auditStatus_idx" ON "DirectorResolution"("auditStatus");
	
	-- CreateIndex
	CREATE INDEX "NarrativeSegment_runId_chapterIndex_idx" ON "NarrativeSegment"("runId", "chapterIndex");
	
	-- CreateIndex
	CREATE INDEX "NarrativeSegment_nodeId_idx" ON "NarrativeSegment"("nodeId");
	
	-- CreateIndex
	CREATE INDEX "NarrativeSegment_auditStatus_idx" ON "NarrativeSegment"("auditStatus");
	
	-- CreateIndex
	CREATE INDEX "Clue_runId_visibility_status_idx" ON "Clue"("runId", "visibility", "status");
	
	-- CreateIndex
	CREATE INDEX "Clue_ownerRoleId_idx" ON "Clue"("ownerRoleId");
	
	-- CreateIndex
	CREATE UNIQUE INDEX "Clue_runId_clueKey_key" ON "Clue"("runId", "clueKey");
	
	-- CreateIndex
	CREATE INDEX "WorldStateSnapshot_runId_createdAt_idx" ON "WorldStateSnapshot"("runId", "createdAt");
	
	-- CreateIndex
	CREATE INDEX "WorldStateSnapshot_nodeId_idx" ON "WorldStateSnapshot"("nodeId");
	
	-- CreateIndex
	CREATE INDEX "Chapter_runId_status_idx" ON "Chapter"("runId", "status");
	
	-- CreateIndex
	CREATE INDEX "Chapter_auditStatus_idx" ON "Chapter"("auditStatus");
	
	-- CreateIndex
	CREATE UNIQUE INDEX "Chapter_runId_chapterIndex_key" ON "Chapter"("runId", "chapterIndex");
	
	-- CreateIndex
	CREATE INDEX "Notification_userId_isRead_createdAt_idx" ON "Notification"("userId", "isRead", "createdAt");
	
	-- CreateIndex
	CREATE INDEX "Notification_runId_idx" ON "Notification"("runId");
	
	-- CreateIndex
	CREATE INDEX "AiTask_taskType_status_idx" ON "AiTask"("taskType", "status");
	
	-- CreateIndex
	CREATE INDEX "AiTask_runId_idx" ON "AiTask"("runId");
	
	-- CreateIndex
	CREATE INDEX "AiTask_nodeId_idx" ON "AiTask"("nodeId");
	
	-- CreateIndex
	CREATE INDEX "AiTask_chapterId_idx" ON "AiTask"("chapterId");
	
	-- CreateIndex
	CREATE INDEX "AuditLog_targetType_targetId_idx" ON "AuditLog"("targetType", "targetId");
	
	-- CreateIndex
	CREATE INDEX "AuditLog_result_createdAt_idx" ON "AuditLog"("result", "createdAt");
	
	-- CreateIndex
	CREATE INDEX "EventLog_eventName_createdAt_idx" ON "EventLog"("eventName", "createdAt");
	
	-- CreateIndex
	CREATE INDEX "EventLog_userId_idx" ON "EventLog"("userId");
	
	-- CreateIndex
	CREATE INDEX "EventLog_runId_idx" ON "EventLog"("runId");
	
	-- CreateIndex
	CREATE UNIQUE INDEX "ShareToken_token_key" ON "ShareToken"("token");
	
	-- CreateIndex
	CREATE INDEX "ShareToken_runId_idx" ON "ShareToken"("runId");
	
	-- CreateIndex
	CREATE INDEX "ShareToken_chapterId_idx" ON "ShareToken"("chapterId");
	
	-- CreateIndex
	CREATE INDEX "ShareToken_shareUserId_idx" ON "ShareToken"("shareUserId");
	
	-- AddForeignKey
	ALTER TABLE "StoryRun" ADD CONSTRAINT "StoryRun_templateId_fkey" FOREIGN KEY ("templateId") REFERENCES "WorldTemplate"("id") ON DELETE RESTRICT ON UPDATE CASCADE;
	
	-- AddForeignKey
	ALTER TABLE "StoryRun" ADD CONSTRAINT "StoryRun_ownerUserId_fkey" FOREIGN KEY ("ownerUserId") REFERENCES "User"("id") ON DELETE CASCADE ON UPDATE CASCADE;
	
	-- AddForeignKey
	ALTER TABLE "StoryEvent" ADD CONSTRAINT "StoryEvent_runId_fkey" FOREIGN KEY ("runId") REFERENCES "StoryRun"("id") ON DELETE CASCADE ON UPDATE CASCADE;
	
	-- AddForeignKey
	ALTER TABLE "StoryPlayer" ADD CONSTRAINT "StoryPlayer_runId_fkey" FOREIGN KEY ("runId") REFERENCES "StoryRun"("id") ON DELETE CASCADE ON UPDATE CASCADE;
	
	-- AddForeignKey
	ALTER TABLE "StoryPlayer" ADD CONSTRAINT "StoryPlayer_userId_fkey" FOREIGN KEY ("userId") REFERENCES "User"("id") ON DELETE SET NULL ON UPDATE CASCADE;
	
	-- AddForeignKey
	ALTER TABLE "StoryPlayer" ADD CONSTRAINT "StoryPlayer_roleId_fkey" FOREIGN KEY ("roleId") REFERENCES "StoryRole"("id") ON DELETE SET NULL ON UPDATE CASCADE;
	
	-- AddForeignKey
	ALTER TABLE "StoryRole" ADD CONSTRAINT "StoryRole_runId_fkey" FOREIGN KEY ("runId") REFERENCES "StoryRun"("id") ON DELETE CASCADE ON UPDATE CASCADE;
	
	-- AddForeignKey
	ALTER TABLE "RoleRelation" ADD CONSTRAINT "RoleRelation_runId_fkey" FOREIGN KEY ("runId") REFERENCES "StoryRun"("id") ON DELETE CASCADE ON UPDATE CASCADE;
	
	-- AddForeignKey
	ALTER TABLE "RoleRelation" ADD CONSTRAINT "RoleRelation_fromRoleId_fkey" FOREIGN KEY ("fromRoleId") REFERENCES "StoryRole"("id") ON DELETE CASCADE ON UPDATE CASCADE;
	
	-- AddForeignKey
	ALTER TABLE "RoleRelation" ADD CONSTRAINT "RoleRelation_toRoleId_fkey" FOREIGN KEY ("toRoleId") REFERENCES "StoryRole"("id") ON DELETE CASCADE ON UPDATE CASCADE;
	
	-- AddForeignKey
	ALTER TABLE "ChapterSandbox" ADD CONSTRAINT "ChapterSandbox_runId_fkey" FOREIGN KEY ("runId") REFERENCES "StoryRun"("id") ON DELETE CASCADE ON UPDATE CASCADE;
	
	-- AddForeignKey
	ALTER TABLE "SceneNode" ADD CONSTRAINT "SceneNode_runId_fkey" FOREIGN KEY ("runId") REFERENCES "StoryRun"("id") ON DELETE CASCADE ON UPDATE CASCADE;
	
	-- AddForeignKey
	ALTER TABLE "PlayerAction" ADD CONSTRAINT "PlayerAction_runId_fkey" FOREIGN KEY ("runId") REFERENCES "StoryRun"("id") ON DELETE CASCADE ON UPDATE CASCADE;
	
	-- AddForeignKey
	ALTER TABLE "PlayerAction" ADD CONSTRAINT "PlayerAction_nodeId_fkey" FOREIGN KEY ("nodeId") REFERENCES "SceneNode"("id") ON DELETE CASCADE ON UPDATE CASCADE;
	
	-- AddForeignKey
	ALTER TABLE "PlayerAction" ADD CONSTRAINT "PlayerAction_userId_fkey" FOREIGN KEY ("userId") REFERENCES "User"("id") ON DELETE SET NULL ON UPDATE CASCADE;
	
	-- AddForeignKey
	ALTER TABLE "PlayerAction" ADD CONSTRAINT "PlayerAction_roleId_fkey" FOREIGN KEY ("roleId") REFERENCES "StoryRole"("id") ON DELETE CASCADE ON UPDATE CASCADE;
	
	-- AddForeignKey
	ALTER TABLE "DirectorResolution" ADD CONSTRAINT "DirectorResolution_runId_fkey" FOREIGN KEY ("runId") REFERENCES "StoryRun"("id") ON DELETE CASCADE ON UPDATE CASCADE;
	
	-- AddForeignKey
	ALTER TABLE "DirectorResolution" ADD CONSTRAINT "DirectorResolution_nodeId_fkey" FOREIGN KEY ("nodeId") REFERENCES "SceneNode"("id") ON DELETE CASCADE ON UPDATE CASCADE;
	
	-- AddForeignKey
	ALTER TABLE "NarrativeSegment" ADD CONSTRAINT "NarrativeSegment_runId_fkey" FOREIGN KEY ("runId") REFERENCES "StoryRun"("id") ON DELETE CASCADE ON UPDATE CASCADE;
	
	-- AddForeignKey
	ALTER TABLE "NarrativeSegment" ADD CONSTRAINT "NarrativeSegment_nodeId_fkey" FOREIGN KEY ("nodeId") REFERENCES "SceneNode"("id") ON DELETE CASCADE ON UPDATE CASCADE;
	
	-- AddForeignKey
	ALTER TABLE "NarrativeSegment" ADD CONSTRAINT "NarrativeSegment_resolutionId_fkey" FOREIGN KEY ("resolutionId") REFERENCES "DirectorResolution"("id") ON DELETE CASCADE ON UPDATE CASCADE;
	
	-- AddForeignKey
	ALTER TABLE "Clue" ADD CONSTRAINT "Clue_runId_fkey" FOREIGN KEY ("runId") REFERENCES "StoryRun"("id") ON DELETE CASCADE ON UPDATE CASCADE;
	
	-- AddForeignKey
	ALTER TABLE "Clue" ADD CONSTRAINT "Clue_ownerRoleId_fkey" FOREIGN KEY ("ownerRoleId") REFERENCES "StoryRole"("id") ON DELETE SET NULL ON UPDATE CASCADE;
	
	-- AddForeignKey
	ALTER TABLE "WorldStateSnapshot" ADD CONSTRAINT "WorldStateSnapshot_runId_fkey" FOREIGN KEY ("runId") REFERENCES "StoryRun"("id") ON DELETE CASCADE ON UPDATE CASCADE;
	
	-- AddForeignKey
	ALTER TABLE "WorldStateSnapshot" ADD CONSTRAINT "WorldStateSnapshot_nodeId_fkey" FOREIGN KEY ("nodeId") REFERENCES "SceneNode"("id") ON DELETE SET NULL ON UPDATE CASCADE;
	
	-- AddForeignKey
	ALTER TABLE "Chapter" ADD CONSTRAINT "Chapter_runId_fkey" FOREIGN KEY ("runId") REFERENCES "StoryRun"("id") ON DELETE CASCADE ON UPDATE CASCADE;
	
	-- AddForeignKey
	ALTER TABLE "Notification" ADD CONSTRAINT "Notification_userId_fkey" FOREIGN KEY ("userId") REFERENCES "User"("id") ON DELETE CASCADE ON UPDATE CASCADE;
	
	-- AddForeignKey
	ALTER TABLE "Notification" ADD CONSTRAINT "Notification_runId_fkey" FOREIGN KEY ("runId") REFERENCES "StoryRun"("id") ON DELETE CASCADE ON UPDATE CASCADE;
	
	-- AddForeignKey
	ALTER TABLE "Notification" ADD CONSTRAINT "Notification_nodeId_fkey" FOREIGN KEY ("nodeId") REFERENCES "SceneNode"("id") ON DELETE SET NULL ON UPDATE CASCADE;
	
	-- AddForeignKey
	ALTER TABLE "Notification" ADD CONSTRAINT "Notification_chapterId_fkey" FOREIGN KEY ("chapterId") REFERENCES "Chapter"("id") ON DELETE SET NULL ON UPDATE CASCADE;
	
	-- AddForeignKey
	ALTER TABLE "AiTask" ADD CONSTRAINT "AiTask_runId_fkey" FOREIGN KEY ("runId") REFERENCES "StoryRun"("id") ON DELETE CASCADE ON UPDATE CASCADE;
	
	-- AddForeignKey
	ALTER TABLE "AiTask" ADD CONSTRAINT "AiTask_nodeId_fkey" FOREIGN KEY ("nodeId") REFERENCES "SceneNode"("id") ON DELETE SET NULL ON UPDATE CASCADE;
	
	-- AddForeignKey
	ALTER TABLE "AiTask" ADD CONSTRAINT "AiTask_actionId_fkey" FOREIGN KEY ("actionId") REFERENCES "PlayerAction"("id") ON DELETE SET NULL ON UPDATE CASCADE;
	
	-- AddForeignKey
	ALTER TABLE "AiTask" ADD CONSTRAINT "AiTask_chapterId_fkey" FOREIGN KEY ("chapterId") REFERENCES "Chapter"("id") ON DELETE SET NULL ON UPDATE CASCADE;
	
	-- AddForeignKey
	ALTER TABLE "EventLog" ADD CONSTRAINT "EventLog_userId_fkey" FOREIGN KEY ("userId") REFERENCES "User"("id") ON DELETE SET NULL ON UPDATE CASCADE;
	
	-- AddForeignKey
	ALTER TABLE "EventLog" ADD CONSTRAINT "EventLog_runId_fkey" FOREIGN KEY ("runId") REFERENCES "StoryRun"("id") ON DELETE CASCADE ON UPDATE CASCADE;
	
	-- AddForeignKey
	ALTER TABLE "EventLog" ADD CONSTRAINT "EventLog_nodeId_fkey" FOREIGN KEY ("nodeId") REFERENCES "SceneNode"("id") ON DELETE SET NULL ON UPDATE CASCADE;
	
	-- AddForeignKey
	ALTER TABLE "EventLog" ADD CONSTRAINT "EventLog_actionId_fkey" FOREIGN KEY ("actionId") REFERENCES "PlayerAction"("id") ON DELETE SET NULL ON UPDATE CASCADE;
	
	-- AddForeignKey
	ALTER TABLE "ShareToken" ADD CONSTRAINT "ShareToken_runId_fkey" FOREIGN KEY ("runId") REFERENCES "StoryRun"("id") ON DELETE CASCADE ON UPDATE CASCADE;
	
	-- AddForeignKey
	ALTER TABLE "ShareToken" ADD CONSTRAINT "ShareToken_chapterId_fkey" FOREIGN KEY ("chapterId") REFERENCES "Chapter"("id") ON DELETE SET NULL ON UPDATE CASCADE;
	
	-- AddForeignKey
	ALTER TABLE "ShareToken" ADD CONSTRAINT "ShareToken_shareUserId_fkey" FOREIGN KEY ("shareUserId") REFERENCES "User"("id") ON DELETE CASCADE ON UPDATE CASCADE;
	
172.17.0.1 2026-08-10 17:09:00.975 UTC [258] postgres@postgres LOG:  statement: -- AlterTable
	ALTER TABLE "AiTask" ADD COLUMN     "completedAt" TIMESTAMP(3),
	ADD COLUMN     "eventId" TEXT,
	ADD COLUMN     "modelName" TEXT,
	ADD COLUMN     "normalizedJson" JSONB,
	ADD COLUMN     "outputJson" JSONB,
	ADD COLUMN     "provider" TEXT,
	ADD COLUMN     "rawResponse" TEXT,
	ADD COLUMN     "startedAt" TIMESTAMP(3),
	ADD COLUMN     "tokenUsageJson" JSONB;
	
	-- CreateIndex
	CREATE INDEX "AiTask_eventId_idx" ON "AiTask"("eventId");
	
172.17.0.1 2026-08-10 17:09:00.980 UTC [258] postgres@postgres LOG:  statement: -- World Credits, referral rewards, Creem purchases and StoryRun unlocks.
	CREATE TYPE "RunAccessLevel" AS ENUM ('FREE_TRIAL', 'UNLOCKED');
	CREATE TYPE "CreditGrantKind" AS ENUM ('PURCHASED', 'BONUS');
	CREATE TYPE "CreditGrantSource" AS ENUM ('SIGNUP', 'REFERRAL', 'PURCHASE', 'SYSTEM_REFUND', 'ADMIN');
	CREATE TYPE "CreditLedgerReason" AS ENUM ('SIGNUP_BONUS', 'REFERRAL_REWARD', 'PURCHASE', 'WORLD_UNLOCK', 'SYSTEM_REFUND', 'BONUS_EXPIRED', 'PURCHASE_REFUND', 'DISPUTE', 'ADMIN_ADJUSTMENT');
	CREATE TYPE "CreemPurchaseStatus" AS ENUM ('PENDING', 'PAID', 'REFUNDED', 'PARTIALLY_REFUNDED', 'DISPUTED', 'FAILED');
	CREATE TYPE "WebhookProcessStatus" AS ENUM ('PROCESSED', 'IGNORED');
	CREATE TYPE "ReferralStatus" AS ENUM ('REGISTERED', 'QUALIFIED', 'REWARDED', 'QUALIFIED_NO_REWARD');
	CREATE TYPE "ReferralChannel" AS ENUM ('UNKNOWN', 'LINK', 'X', 'FACEBOOK', 'NATIVE');
	CREATE TYPE "WorldUnlockStatus" AS ENUM ('COMMITTED', 'REFUNDED');
	
	ALTER TABLE "StoryRun" ADD COLUMN "accessLevel" "RunAccessLevel" NOT NULL DEFAULT 'FREE_TRIAL';
	ALTER TABLE "StoryRun" ADD COLUMN "freeDecisionsUsed" INTEGER NOT NULL DEFAULT 0;
	ALTER TABLE "StoryRun" ADD COLUMN "paywallReachedAt" TIMESTAMP(3);
	ALTER TABLE "StoryRun" ADD COLUMN "unlockedAt" TIMESTAMP(3);
	ALTER TABLE "User" ADD COLUMN "email" TEXT;
	ALTER TABLE "User" ADD COLUMN "emailVerifiedAt" TIMESTAMP(3);
	ALTER TABLE "User" ADD COLUMN "passwordHash" TEXT;
	ALTER TABLE "User" ADD COLUMN "verificationTokenHash" TEXT;
	
	CREATE TABLE "CreditWallet" (
	    "id" TEXT NOT NULL,
	    "userId" TEXT NOT NULL,
	    "purchasedBalance" INTEGER NOT NULL DEFAULT 0,
	    "bonusBalance" INTEGER NOT NULL DEFAULT 0,
	    "debtBalance" INTEGER NOT NULL DEFAULT 0,
	    "version" INTEGER NOT NULL DEFAULT 1,
	    "createdAt" TIMESTAMP(3) NOT NULL DEFAULT CURRENT_TIMESTAMP,
	    "updatedAt" TIMESTAMP(3) NOT NULL,
	    CONSTRAINT "CreditWallet_pkey" PRIMARY KEY ("id")
	);
	CREATE TABLE "CreditGrant" (
	    "id" TEXT NOT NULL,
	    "userId" TEXT NOT NULL,
	    "kind" "CreditGrantKind" NOT NULL,
	    "source" "CreditGrantSource" NOT NULL,
	    "originalAmount" INTEGER NOT NULL,
	    "remainingAmount" INTEGER NOT NULL,
	    "expiresAt" TIMESTAMP(3),
	    "idempotencyKey" TEXT NOT NULL,
	    "externalRef" TEXT,
	    "metadataJson" JSONB,
	    "createdAt" TIMESTAMP(3) NOT NULL DEFAULT CURRENT_TIMESTAMP,
	    "updatedAt" TIMESTAMP(3) NOT NULL,
	    CONSTRAINT "CreditGrant_pkey" PRIMARY KEY ("id")
	);
	CREATE TABLE "CreditLedger" (
	    "id" TEXT NOT NULL,
	    "userId" TEXT NOT NULL,
	    "reason" "CreditLedgerReason" NOT NULL,
	    "purchasedDelta" INTEGER NOT NULL DEFAULT 0,
	    "bonusDelta" INTEGER NOT NULL DEFAULT 0,
	    "debtDelta" INTEGER NOT NULL DEFAULT 0,
	    "idempotencyKey" TEXT NOT NULL,
	    "externalRef" TEXT,
	    "metadataJson" JSONB,
	    "createdAt" TIMESTAMP(3) NOT NULL DEFAULT CURRENT_TIMESTAMP,
	    CONSTRAINT "CreditLedger_pkey" PRIMARY KEY ("id")
	);
	CREATE TABLE "CreditSpendAllocation" (
	    "id" TEXT NOT NULL,
	    "ledgerId" TEXT NOT NULL,
	    "grantId" TEXT NOT NULL,
	    "amount" INTEGER NOT NULL,
	    "createdAt" TIMESTAMP(3) NOT NULL DEFAULT CURRENT_TIMESTAMP,
	    CONSTRAINT "CreditSpendAllocation_pkey" PRIMARY KEY ("id")
	);
	CREATE TABLE "CreemPurchase" (
	    "id" TEXT NOT NULL,
	    "userId" TEXT NOT NULL,
	    "packKey" TEXT NOT NULL,
	    "creemProductId" TEXT NOT NULL,
	    "credits" INTEGER NOT NULL,
	    "expectedAmountCents" INTEGER NOT NULL,
	    "expectedCurrency" TEXT NOT NULL DEFAULT 'USD',
	    "status" "CreemPurchaseStatus" NOT NULL DEFAULT 'PENDING',
	    "checkoutId" TEXT,
	    "orderId" TEXT,
	    "transactionId" TEXT,
	    "customerId" TEXT,
	    "customerEmail" TEXT,
	    "paidAmountCents" INTEGER,
	    "paidCurrency" TEXT,
	    "rawJson" JSONB,
	    "createdAt" TIMESTAMP(3) NOT NULL DEFAULT CURRENT_TIMESTAMP,
	    "paidAt" TIMESTAMP(3),
	    "refundedAt" TIMESTAMP(3),
	    "updatedAt" TIMESTAMP(3) NOT NULL,
	    CONSTRAINT "CreemPurchase_pkey" PRIMARY KEY ("id")
	);
	CREATE TABLE "PaymentWebhookEvent" (
	    "eventId" TEXT NOT NULL,
	    "eventType" TEXT NOT NULL,
	    "status" "WebhookProcessStatus" NOT NULL,
	    "payloadJson" JSONB NOT NULL,
	    "createdAt" TIMESTAMP(3) NOT NULL DEFAULT CURRENT_TIMESTAMP,
	    "processedAt" TIMESTAMP(3) NOT NULL DEFAULT CURRENT_TIMESTAMP,
	    CONSTRAINT "PaymentWebhookEvent_pkey" PRIMARY KEY ("eventId")
	);
	CREATE TABLE "ReferralCode" (
	    "id" TEXT NOT NULL,
	    "userId" TEXT NOT NULL,
	    "code" TEXT NOT NULL,
	    "createdAt" TIMESTAMP(3) NOT NULL DEFAULT CURRENT_TIMESTAMP,
	    CONSTRAINT "ReferralCode_pkey" PRIMARY KEY ("id")
	);
	CREATE TABLE "Referral" (
	    "id" TEXT NOT NULL,
	    "referralCodeId" TEXT NOT NULL,
	    "inviterUserId" TEXT NOT NULL,
	    "referredUserId" TEXT NOT NULL,
	    "channel" "ReferralChannel" NOT NULL DEFAULT 'UNKNOWN',
	    "status" "ReferralStatus" NOT NULL DEFAULT 'REGISTERED',
	    "qualifiedRunId" TEXT,
	    "rewardLedgerId" TEXT,
	    "rejectionReason" TEXT,
	    "registeredAt" TIMESTAMP(3) NOT NULL DEFAULT CURRENT_TIMESTAMP,
	    "qualifiedAt" TIMESTAMP(3),
	    "rewardedAt" TIMESTAMP(3),
	    "updatedAt" TIMESTAMP(3) NOT NULL,
	    CONSTRAINT "Referral_pkey" PRIMARY KEY ("id")
	);
	CREATE TABLE "ReferralShareEvent" (
	    "id" TEXT NOT NULL,
	    "userId" TEXT NOT NULL,
	    "channel" "ReferralChannel" NOT NULL,
	    "runId" TEXT,
	    "createdAt" TIMESTAMP(3) NOT NULL DEFAULT CURRENT_TIMESTAMP,
	    CONSTRAINT "ReferralShareEvent_pkey" PRIMARY KEY ("id")
	);
	CREATE TABLE "WorldUnlock" (
	    "id" TEXT NOT NULL,
	    "runId" TEXT NOT NULL,
	    "templateKey" TEXT NOT NULL,
	    "paidByUserId" TEXT NOT NULL,
	    "creditsCharged" INTEGER NOT NULL,
	    "debitLedgerId" TEXT NOT NULL,
	    "status" "WorldUnlockStatus" NOT NULL DEFAULT 'COMMITTED',
	    "createdAt" TIMESTAMP(3) NOT NULL DEFAULT CURRENT_TIMESTAMP,
	    "refundedAt" TIMESTAMP(3),
	    CONSTRAINT "WorldUnlock_pkey" PRIMARY KEY ("id")
	);
	
	CREATE UNIQUE INDEX "CreditWallet_userId_key" ON "CreditWallet"("userId");
	CREATE INDEX "CreditWallet_userId_idx" ON "CreditWallet"("userId");
	CREATE UNIQUE INDEX "CreditGrant_idempotencyKey_key" ON "CreditGrant"("idempotencyKey");
	CREATE INDEX "CreditGrant_userId_kind_expiresAt_idx" ON "CreditGrant"("userId", "kind", "expiresAt");
	CREATE INDEX "CreditGrant_externalRef_idx" ON "CreditGrant"("externalRef");
	CREATE UNIQUE INDEX "CreditLedger_idempotencyKey_key" ON "CreditLedger"("idempotencyKey");
	CREATE INDEX "CreditLedger_userId_createdAt_idx" ON "CreditLedger"("userId", "createdAt");
	CREATE INDEX "CreditLedger_externalRef_idx" ON "CreditLedger"("externalRef");
	CREATE INDEX "CreditSpendAllocation_grantId_idx" ON "CreditSpendAllocation"("grantId");
	CREATE UNIQUE INDEX "CreditSpendAllocation_ledgerId_grantId_key" ON "CreditSpendAllocation"("ledgerId", "grantId");
	CREATE UNIQUE INDEX "CreemPurchase_checkoutId_key" ON "CreemPurchase"("checkoutId");
	CREATE UNIQUE INDEX "CreemPurchase_orderId_key" ON "CreemPurchase"("orderId");
	CREATE UNIQUE INDEX "CreemPurchase_transactionId_key" ON "CreemPurchase"("transactionId");
	CREATE INDEX "CreemPurchase_userId_createdAt_idx" ON "CreemPurchase"("userId", "createdAt");
	CREATE INDEX "CreemPurchase_creemProductId_idx" ON "CreemPurchase"("creemProductId");
	CREATE UNIQUE INDEX "ReferralCode_userId_key" ON "ReferralCode"("userId");
	CREATE UNIQUE INDEX "ReferralCode_code_key" ON "ReferralCode"("code");
	CREATE UNIQUE INDEX "Referral_referredUserId_key" ON "Referral"("referredUserId");
	CREATE INDEX "Referral_inviterUserId_status_idx" ON "Referral"("inviterUserId", "status");
	CREATE INDEX "Referral_referralCodeId_idx" ON "Referral"("referralCodeId");
	CREATE INDEX "ReferralShareEvent_userId_createdAt_idx" ON "ReferralShareEvent"("userId", "createdAt");
	CREATE UNIQUE INDEX "WorldUnlock_runId_key" ON "WorldUnlock"("runId");
	CREATE UNIQUE INDEX "WorldUnlock_debitLedgerId_key" ON "WorldUnlock"("debitLedgerId");
	CREATE INDEX "WorldUnlock_paidByUserId_createdAt_idx" ON "WorldUnlock"("paidByUserId", "createdAt");
	CREATE UNIQUE INDEX "User_email_key" ON "User"("email");
	
	ALTER TABLE "CreditSpendAllocation" ADD CONSTRAINT "CreditSpendAllocation_ledgerId_fkey" FOREIGN KEY ("ledgerId") REFERENCES "CreditLedger"("id") ON DELETE CASCADE ON UPDATE CASCADE;
	ALTER TABLE "CreditSpendAllocation" ADD CONSTRAINT "CreditSpendAllocation_grantId_fkey" FOREIGN KEY ("grantId") REFERENCES "CreditGrant"("id") ON DELETE RESTRICT ON UPDATE CASCADE;
	ALTER TABLE "Referral" ADD CONSTRAINT "Referral_referralCodeId_fkey" FOREIGN KEY ("referralCodeId") REFERENCES "ReferralCode"("id") ON DELETE RESTRICT ON UPDATE CASCADE;
	ALTER TABLE "WorldUnlock" ADD CONSTRAINT "WorldUnlock_runId_fkey" FOREIGN KEY ("runId") REFERENCES "StoryRun"("id") ON DELETE CASCADE ON UPDATE CASCADE;
	
172.17.0.1 2026-08-10 17:09:01.028 UTC [258] postgres@postgres LOG:  statement: -- Preserve the safe in-product destination that initiated a purchase.  This
	-- lets the client resume a room unlock only after the payment webhook marks
	-- the purchase as PAID.
	ALTER TABLE "CreemPurchase" ADD COLUMN "checkoutContext" JSONB;
	
172.17.0.1 2026-08-10 17:09:01.031 UTC [258] postgres@postgres LOG:  statement: ALTER TYPE "ReferralChannel" ADD VALUE IF NOT EXISTS 'WHATSAPP';
	ALTER TYPE "ReferralChannel" ADD VALUE IF NOT EXISTS 'TELEGRAM';
	ALTER TYPE "ReferralChannel" ADD VALUE IF NOT EXISTS 'DISCORD';
	
172.17.0.1 2026-08-10 17:09:01.036 UTC [258] postgres@postgres LOG:  statement: -- A short, user-facing receipt code that is safe to show before the provider
	-- webhook arrives and stable across payment-status refreshes.
	ALTER TABLE "CreemPurchase" ADD COLUMN "orderDisplayCode" TEXT;
	
	UPDATE "CreemPurchase"
	SET "orderDisplayCode" = 'MW-' || UPPER(RIGHT("id", 8))
	WHERE "orderDisplayCode" IS NULL;
	
	ALTER TABLE "CreemPurchase" ALTER COLUMN "orderDisplayCode" SET NOT NULL;
	CREATE UNIQUE INDEX "CreemPurchase_orderDisplayCode_key" ON "CreemPurchase"("orderDisplayCode");
	
172.17.0.1 2026-08-10 17:09:01.041 UTC [258] postgres@postgres LOG:  statement: -- Keep the schema backward compatible during Railway rolling deployments.
	-- An older API instance does not know about orderDisplayCode and therefore
	-- omits the column from INSERT statements. The database must generate it until
	-- every running instance is on the new application version.
	ALTER TABLE "CreemPurchase"
	ALTER COLUMN "orderDisplayCode"
	SET DEFAULT ('MW-' || UPPER(LEFT(REPLACE(gen_random_uuid()::text, '-', ''), 12)));
	
172.17.0.1 2026-08-10 17:09:01.043 UTC [258] postgres@postgres LOG:  statement: -- Additive production-auth closure schema. Keep User.verificationTokenHash
	-- during the rollout so older API instances remain rollback-compatible.
	CREATE TYPE "AuthTokenPurpose" AS ENUM ('EMAIL_VERIFICATION', 'PASSWORD_RESET');
	CREATE TYPE "AuthProvider" AS ENUM ('GOOGLE');
	
	CREATE TABLE "AuthOneTimeToken" (
	  "id" TEXT NOT NULL,
	  "userId" TEXT NOT NULL,
	  "purpose" "AuthTokenPurpose" NOT NULL,
	  "tokenHash" TEXT NOT NULL,
	  "expiresAt" TIMESTAMP(3) NOT NULL,
	  "consumedAt" TIMESTAMP(3),
	  "invalidatedAt" TIMESTAMP(3),
	  "failedAttempts" INTEGER NOT NULL DEFAULT 0,
	  "sentAt" TIMESTAMP(3),
	  "deliveryProvider" TEXT,
	  "deliveryProviderId" TEXT,
	  "createdAt" TIMESTAMP(3) NOT NULL DEFAULT CURRENT_TIMESTAMP,
	  CONSTRAINT "AuthOneTimeToken_pkey" PRIMARY KEY ("id")
	);
	
	CREATE TABLE "AuthIdentity" (
	  "id" TEXT NOT NULL,
	  "userId" TEXT NOT NULL,
	  "provider" "AuthProvider" NOT NULL,
	  "providerSubject" TEXT NOT NULL,
	  "providerEmail" TEXT,
	  "providerEmailVerifiedAt" TIMESTAMP(3),
	  "hostedDomain" TEXT,
	  "profileJson" JSONB,
	  "createdAt" TIMESTAMP(3) NOT NULL DEFAULT CURRENT_TIMESTAMP,
	  "updatedAt" TIMESTAMP(3) NOT NULL,
	  CONSTRAINT "AuthIdentity_pkey" PRIMARY KEY ("id")
	);
	
	CREATE TABLE "AuthLoginChallenge" (
	  "id" TEXT NOT NULL,
	  "provider" "AuthProvider" NOT NULL,
	  "nonceHash" TEXT NOT NULL,
	  "expiresAt" TIMESTAMP(3) NOT NULL,
	  "consumedAt" TIMESTAMP(3),
	  "createdAt" TIMESTAMP(3) NOT NULL DEFAULT CURRENT_TIMESTAMP,
	  CONSTRAINT "AuthLoginChallenge_pkey" PRIMARY KEY ("id")
	);
	
	CREATE UNIQUE INDEX "AuthOneTimeToken_tokenHash_key" ON "AuthOneTimeToken"("tokenHash");
	CREATE INDEX "AuthOneTimeToken_userId_purpose_expiresAt_idx" ON "AuthOneTimeToken"("userId", "purpose", "expiresAt");
	CREATE UNIQUE INDEX "AuthIdentity_provider_providerSubject_key" ON "AuthIdentity"("provider", "providerSubject");
	CREATE INDEX "AuthIdentity_userId_idx" ON "AuthIdentity"("userId");
	CREATE INDEX "AuthIdentity_provider_providerEmail_idx" ON "AuthIdentity"("provider", "providerEmail");
	CREATE UNIQUE INDEX "AuthLoginChallenge_nonceHash_key" ON "AuthLoginChallenge"("nonceHash");
	CREATE INDEX "AuthLoginChallenge_provider_expiresAt_consumedAt_idx" ON "AuthLoginChallenge"("provider", "expiresAt", "consumedAt");
	
	ALTER TABLE "AuthOneTimeToken" ADD CONSTRAINT "AuthOneTimeToken_userId_fkey" FOREIGN KEY ("userId") REFERENCES "User"("id") ON DELETE CASCADE ON UPDATE CASCADE;
	ALTER TABLE "AuthIdentity" ADD CONSTRAINT "AuthIdentity_userId_fkey" FOREIGN KEY ("userId") REFERENCES "User"("id") ON DELETE CASCADE ON UPDATE CASCADE;
	
172.17.0.1 2026-08-10 17:09:01.060 UTC [258] postgres@postgres LOG:  statement: -- Foundation repair: bring a fresh `prisma migrate deploy` database up to the
	-- current checked-in Prisma schema before continuous-strategy expand work.
	-- These six models already exist in prisma/schema.prisma but were never
	-- represented by an immutable migration.
	
	-- CreateTable
	CREATE TABLE "CanonFact" (
	    "id" TEXT NOT NULL,
	    "runId" TEXT NOT NULL,
	    "sourceNodeId" TEXT,
	    "factKey" TEXT NOT NULL,
	    "content" TEXT NOT NULL,
	    "status" TEXT NOT NULL DEFAULT 'confirmed',
	    "visibility" TEXT NOT NULL DEFAULT 'public',
	    "sourceEventIdsJson" JSONB NOT NULL,
	    "sourceActionIdsJson" JSONB NOT NULL,
	    "knownByRoleIdsJson" JSONB NOT NULL,
	    "createdAt" TIMESTAMP(3) NOT NULL DEFAULT CURRENT_TIMESTAMP,
	    "updatedAt" TIMESTAMP(3) NOT NULL,
	
	    CONSTRAINT "CanonFact_pkey" PRIMARY KEY ("id")
	);
	
	-- CreateTable
	CREATE TABLE "CharacterMind" (
	    "id" TEXT NOT NULL,
	    "runId" TEXT NOT NULL,
	    "roleId" TEXT NOT NULL,
	    "confirmedFactKeysJson" JSONB NOT NULL,
	    "believedFactKeysJson" JSONB NOT NULL,
	    "activeGoalsJson" JSONB NOT NULL,
	    "knowledgeBoundaryJson" JSONB NOT NULL,
	    "lastNodeId" TEXT,
	    "createdAt" TIMESTAMP(3) NOT NULL DEFAULT CURRENT_TIMESTAMP,
	    "updatedAt" TIMESTAMP(3) NOT NULL,
	
	    CONSTRAINT "CharacterMind_pkey" PRIMARY KEY ("id")
	);
	
	-- CreateTable
	CREATE TABLE "StoryThread" (
	    "id" TEXT NOT NULL,
	    "runId" TEXT NOT NULL,
	    "threadKey" TEXT NOT NULL,
	    "title" TEXT NOT NULL,
	    "status" TEXT NOT NULL DEFAULT 'active',
	    "tension" INTEGER NOT NULL DEFAULT 1,
	    "deadlineNodeIndex" INTEGER,
	    "sourceFactKeysJson" JSONB NOT NULL,
	    "stateJson" JSONB NOT NULL,
	    "createdAt" TIMESTAMP(3) NOT NULL DEFAULT CURRENT_TIMESTAMP,
	    "updatedAt" TIMESTAMP(3) NOT NULL,
	
	    CONSTRAINT "StoryThread_pkey" PRIMARY KEY ("id")
	);
	
	-- CreateTable
	CREATE TABLE "SceneSnapshot" (
	    "id" TEXT NOT NULL,
	    "runId" TEXT NOT NULL,
	    "nodeId" TEXT,
	    "roleId" TEXT,
	    "scope" TEXT NOT NULL DEFAULT 'public',
	    "stateJson" JSONB NOT NULL,
	    "knownFactKeysJson" JSONB NOT NULL,
	    "activeThreadKeysJson" JSONB NOT NULL,
	    "createdAt" TIMESTAMP(3) NOT NULL DEFAULT CURRENT_TIMESTAMP,
	
	    CONSTRAINT "SceneSnapshot_pkey" PRIMARY KEY ("id")
	);
	
	-- CreateTable
	CREATE TABLE "NarrativeEntry" (
	    "id" TEXT NOT NULL,
	    "runId" TEXT NOT NULL,
	    "nodeId" TEXT,
	    "resolutionId" TEXT,
	    "roleId" TEXT,
	    "entryType" TEXT NOT NULL,
	    "visibility" TEXT NOT NULL DEFAULT 'public',
	    "content" TEXT NOT NULL,
	    "factKeysJson" JSONB NOT NULL,
	    "threadKeysJson" JSONB NOT NULL,
	    "sourceEventIdsJson" JSONB NOT NULL,
	    "createdAt" TIMESTAMP(3) NOT NULL DEFAULT CURRENT_TIMESTAMP,
	
	    CONSTRAINT "NarrativeEntry_pkey" PRIMARY KEY ("id")
	);
	
	-- CreateTable
	CREATE TABLE "StoryTaskOutbox" (
	    "id" TEXT NOT NULL,
	    "runId" TEXT NOT NULL,
	    "nodeId" TEXT NOT NULL,
	    "taskType" TEXT NOT NULL,
	    "status" TEXT NOT NULL DEFAULT 'pending',
	    "attempt" INTEGER NOT NULL DEFAULT 0,
	    "maxAttempts" INTEGER NOT NULL DEFAULT 3,
	    "nextRetryAt" TIMESTAMP(3) NOT NULL DEFAULT CURRENT_TIMESTAMP,
	    "leaseOwner" TEXT,
	    "leaseExpiresAt" TIMESTAMP(3),
	    "startedAt" TIMESTAMP(3),
	    "completedAt" TIMESTAMP(3),
	    "resultJson" JSONB,
	    "lastError" TEXT,
	    "createdAt" TIMESTAMP(3) NOT NULL DEFAULT CURRENT_TIMESTAMP,
	    "updatedAt" TIMESTAMP(3) NOT NULL,
	
	    CONSTRAINT "StoryTaskOutbox_pkey" PRIMARY KEY ("id")
	);
	
	-- CreateIndex
	CREATE UNIQUE INDEX "CanonFact_runId_factKey_key" ON "CanonFact"("runId", "factKey");
	
	-- CreateIndex
	CREATE INDEX "CanonFact_runId_visibility_status_idx" ON "CanonFact"("runId", "visibility", "status");
	
	-- CreateIndex
	CREATE INDEX "CanonFact_sourceNodeId_idx" ON "CanonFact"("sourceNodeId");
	
	-- CreateIndex
	CREATE UNIQUE INDEX "CharacterMind_roleId_key" ON "CharacterMind"("roleId");
	
	-- CreateIndex
	CREATE INDEX "CharacterMind_runId_updatedAt_idx" ON "CharacterMind"("runId", "updatedAt");
	
	-- CreateIndex
	CREATE INDEX "CharacterMind_roleId_idx" ON "CharacterMind"("roleId");
	
	-- CreateIndex
	CREATE UNIQUE INDEX "StoryThread_runId_threadKey_key" ON "StoryThread"("runId", "threadKey");
	
	-- CreateIndex
	CREATE INDEX "StoryThread_runId_status_idx" ON "StoryThread"("runId", "status");
	
	-- CreateIndex
	CREATE INDEX "SceneSnapshot_runId_scope_createdAt_idx" ON "SceneSnapshot"("runId", "scope", "createdAt");
	
	-- CreateIndex
	CREATE INDEX "SceneSnapshot_nodeId_idx" ON "SceneSnapshot"("nodeId");
	
	-- CreateIndex
	CREATE INDEX "SceneSnapshot_roleId_idx" ON "SceneSnapshot"("roleId");
	
	-- CreateIndex
	CREATE INDEX "NarrativeEntry_runId_visibility_createdAt_idx" ON "NarrativeEntry"("runId", "visibility", "createdAt");
	
	-- CreateIndex
	CREATE INDEX "NarrativeEntry_nodeId_idx" ON "NarrativeEntry"("nodeId");
	
	-- CreateIndex
	CREATE INDEX "NarrativeEntry_roleId_idx" ON "NarrativeEntry"("roleId");
	
	-- CreateIndex
	CREATE UNIQUE INDEX "StoryTaskOutbox_nodeId_key" ON "StoryTaskOutbox"("nodeId");
	
	-- CreateIndex
	CREATE INDEX "StoryTaskOutbox_status_nextRetryAt_idx" ON "StoryTaskOutbox"("status", "nextRetryAt");
	
	-- CreateIndex
	CREATE INDEX "StoryTaskOutbox_runId_createdAt_idx" ON "StoryTaskOutbox"("runId", "createdAt");
	
	-- CreateIndex
	CREATE INDEX "StoryTaskOutbox_leaseExpiresAt_idx" ON "StoryTaskOutbox"("leaseExpiresAt");
	
	-- AddForeignKey
	ALTER TABLE "CanonFact" ADD CONSTRAINT "CanonFact_runId_fkey" FOREIGN KEY ("runId") REFERENCES "StoryRun"("id") ON DELETE CASCADE ON UPDATE CASCADE;
	
	-- AddForeignKey
	ALTER TABLE "CanonFact" ADD CONSTRAINT "CanonFact_sourceNodeId_fkey" FOREIGN KEY ("sourceNodeId") REFERENCES "SceneNode"("id") ON DELETE SET NULL ON UPDATE CASCADE;
	
	-- AddForeignKey
	ALTER TABLE "CharacterMind" ADD CONSTRAINT "CharacterMind_runId_fkey" FOREIGN KEY ("runId") REFERENCES "StoryRun"("id") ON DELETE CASCADE ON UPDATE CASCADE;
	
	-- AddForeignKey
	ALTER TABLE "CharacterMind" ADD CONSTRAINT "CharacterMind_roleId_fkey" FOREIGN KEY ("roleId") REFERENCES "StoryRole"("id") ON DELETE CASCADE ON UPDATE CASCADE;
	
	-- AddForeignKey
	ALTER TABLE "StoryThread" ADD CONSTRAINT "StoryThread_runId_fkey" FOREIGN KEY ("runId") REFERENCES "StoryRun"("id") ON DELETE CASCADE ON UPDATE CASCADE;
	
	-- AddForeignKey
	ALTER TABLE "SceneSnapshot" ADD CONSTRAINT "SceneSnapshot_runId_fkey" FOREIGN KEY ("runId") REFERENCES "StoryRun"("id") ON DELETE CASCADE ON UPDATE CASCADE;
	
	-- AddForeignKey
	ALTER TABLE "SceneSnapshot" ADD CONSTRAINT "SceneSnapshot_nodeId_fkey" FOREIGN KEY ("nodeId") REFERENCES "SceneNode"("id") ON DELETE SET NULL ON UPDATE CASCADE;
	
	-- AddForeignKey
	ALTER TABLE "SceneSnapshot" ADD CONSTRAINT "SceneSnapshot_roleId_fkey" FOREIGN KEY ("roleId") REFERENCES "StoryRole"("id") ON DELETE SET NULL ON UPDATE CASCADE;
	
	-- AddForeignKey
	ALTER TABLE "NarrativeEntry" ADD CONSTRAINT "NarrativeEntry_runId_fkey" FOREIGN KEY ("runId") REFERENCES "StoryRun"("id") ON DELETE CASCADE ON UPDATE CASCADE;
	
	-- AddForeignKey
	ALTER TABLE "NarrativeEntry" ADD CONSTRAINT "NarrativeEntry_nodeId_fkey" FOREIGN KEY ("nodeId") REFERENCES "SceneNode"("id") ON DELETE SET NULL ON UPDATE CASCADE;
	
	-- AddForeignKey
	ALTER TABLE "NarrativeEntry" ADD CONSTRAINT "NarrativeEntry_resolutionId_fkey" FOREIGN KEY ("resolutionId") REFERENCES "DirectorResolution"("id") ON DELETE SET NULL ON UPDATE CASCADE;
	
	-- AddForeignKey
	ALTER TABLE "NarrativeEntry" ADD CONSTRAINT "NarrativeEntry_roleId_fkey" FOREIGN KEY ("roleId") REFERENCES "StoryRole"("id") ON DELETE SET NULL ON UPDATE CASCADE;
	
	-- AddForeignKey
	ALTER TABLE "StoryTaskOutbox" ADD CONSTRAINT "StoryTaskOutbox_runId_fkey" FOREIGN KEY ("runId") REFERENCES "StoryRun"("id") ON DELETE CASCADE ON UPDATE CASCADE;
	
	-- AddForeignKey
	ALTER TABLE "StoryTaskOutbox" ADD CONSTRAINT "StoryTaskOutbox_nodeId_fkey" FOREIGN KEY ("nodeId") REFERENCES "SceneNode"("id") ON DELETE CASCADE ON UPDATE CASCADE;
	
172.17.0.1 2026-08-10 17:09:01.098 UTC [258] postgres@postgres LOG:  statement: -- P0 continuous-strategy expand phase.
	-- Existing writers remain valid: all newly required columns on existing tables
	-- are nullable until application dual-write and the later contract migration.
	
	-- AlterTable
	ALTER TABLE "StoryRun"
	    ADD COLUMN "engineVersion" TEXT,
	    ADD COLUMN "strategyVersion" TEXT;
	
	-- AlterTable
	ALTER TABLE "PlayerAction"
	    ADD COLUMN "actionSlot" TEXT,
	    ADD COLUMN "actorKind" TEXT,
	    ADD COLUMN "controlEpoch" INTEGER,
	    ADD COLUMN "policyVersion" TEXT,
	    ADD COLUMN "provider" TEXT,
	    ADD COLUMN "modelName" TEXT,
	    ADD COLUMN "actionKey" TEXT,
	    ADD COLUMN "idempotencyKey" TEXT,
	    ADD COLUMN "requestHash" TEXT,
	    ADD COLUMN "sourceInteractionRequestId" TEXT,
	    ADD COLUMN "visibility" TEXT,
	    ADD COLUMN "targetRoleId" TEXT,
	    ADD COLUMN "leverageKey" TEXT,
	    ADD COLUMN "sealedAt" TIMESTAMP(3),
	    ADD COLUMN "expiresAt" TIMESTAMP(3),
	    ADD COLUMN "immediateJson" JSONB,
	    ADD COLUMN "resolvedJson" JSONB,
	    ADD COLUMN "resolvedAt" TIMESTAMP(3);
	
	-- AlterTable
	ALTER TABLE "StoryEvent"
	    ADD COLUMN "sequence" INTEGER,
	    ADD COLUMN "dedupeKey" TEXT,
	    ADD COLUMN "audienceType" TEXT,
	    ADD COLUMN "audienceRoleIdsJson" JSONB,
	    ADD COLUMN "sourceActionId" TEXT;
	
	-- AlterTable
	ALTER TABLE "SceneSnapshot" ADD COLUMN "dedupeKey" TEXT;
	
	-- AlterTable
	ALTER TABLE "NarrativeEntry" ADD COLUMN "dedupeKey" TEXT;
	
	-- AlterTable
	ALTER TABLE "StoryTaskOutbox"
	    ADD COLUMN "dedupeKey" TEXT,
	    ADD COLUMN "windowId" TEXT,
	    ADD COLUMN "roleId" TEXT,
	    ADD COLUMN "actionSlot" TEXT,
	    ADD COLUMN "controlEpoch" INTEGER,
	    ADD COLUMN "outcome" TEXT,
	    ADD COLUMN "inputRefId" TEXT,
	    ADD COLUMN "checkpointKey" TEXT,
	    ADD COLUMN "leaseVersion" INTEGER NOT NULL DEFAULT 0;
	
	-- CreateTable
	CREATE TABLE "ActionWindow" (
	    "id" TEXT NOT NULL,
	    "runId" TEXT NOT NULL,
	    "nodeId" TEXT NOT NULL,
	    "status" TEXT NOT NULL DEFAULT 'PREPARING',
	    "mainOpenedAt" TIMESTAMP(3),
	    "mainClosesAt" TIMESTAMP(3),
	    "graceOpenedAt" TIMESTAMP(3),
	    "graceMinClosesAt" TIMESTAMP(3),
	    "graceClosesAt" TIMESTAMP(3),
	    "aiQueueDrainedAt" TIMESTAMP(3),
	    "closingReason" TEXT,
	    "resolutionTaskId" TEXT,
	    "openingSnapshotVersion" INTEGER,
	    "projectionVersion" INTEGER NOT NULL DEFAULT 0,
	    "version" INTEGER NOT NULL DEFAULT 1,
	    "resolvedAt" TIMESTAMP(3),
	    "configJson" JSONB NOT NULL,
	    "createdAt" TIMESTAMP(3) NOT NULL DEFAULT CURRENT_TIMESTAMP,
	    "updatedAt" TIMESTAMP(3) NOT NULL,
	
	    CONSTRAINT "ActionWindow_pkey" PRIMARY KEY ("id")
	);
	
	-- CreateTable
	CREATE TABLE "ActionWindowOpeningProjection" (
	    "id" TEXT NOT NULL,
	    "windowId" TEXT NOT NULL,
	    "roleId" TEXT NOT NULL,
	    "snapshotVersion" INTEGER NOT NULL,
	    "projectionJson" JSONB NOT NULL,
	    "contentHash" TEXT NOT NULL,
	    "createdAt" TIMESTAMP(3) NOT NULL DEFAULT CURRENT_TIMESTAMP,
	
	    CONSTRAINT "ActionWindowOpeningProjection_pkey" PRIMARY KEY ("id")
	);
	
	-- CreateTable
	CREATE TABLE "ActionWindowParticipant" (
	    "id" TEXT NOT NULL,
	    "windowId" TEXT NOT NULL,
	    "roleId" TEXT NOT NULL,
	    "mainStatus" TEXT NOT NULL DEFAULT 'PENDING',
	    "maneuverStatus" TEXT NOT NULL DEFAULT 'LOCKED',
	    "reactionStatus" TEXT NOT NULL DEFAULT 'NOT_OPEN',
	    "maneuverUsedAt" TIMESTAMP(3),
	    "reactionUsedAt" TIMESTAMP(3),
	    "doneAt" TIMESTAMP(3),
	    "version" INTEGER NOT NULL DEFAULT 1,
	
	    CONSTRAINT "ActionWindowParticipant_pkey" PRIMARY KEY ("id")
	);
	
	-- CreateTable
	CREATE TABLE "RoleControl" (
	    "id" TEXT NOT NULL,
	    "runId" TEXT NOT NULL,
	    "roleId" TEXT NOT NULL,
	    "humanPlayerId" TEXT,
	    "mode" TEXT NOT NULL,
	    "epoch" INTEGER NOT NULL DEFAULT 1,
	    "reason" TEXT,
	    "lastHeartbeatAt" TIMESTAMP(3),
	    "offlineSince" TIMESTAMP(3),
	    "takeoverAt" TIMESTAMP(3),
	    "reclaimAfterWindowId" TEXT,
	    "stageLeaveWindowId" TEXT,
	    "policyVersion" TEXT,
	    "createdAt" TIMESTAMP(3) NOT NULL DEFAULT CURRENT_TIMESTAMP,
	    "updatedAt" TIMESTAMP(3) NOT NULL,
	
	    CONSTRAINT "RoleControl_pkey" PRIMARY KEY ("id")
	);
	
	-- CreateTable
	CREATE TABLE "RoleControlTransition" (
	    "id" TEXT NOT NULL,
	    "roleControlId" TEXT NOT NULL,
	    "fromMode" TEXT NOT NULL,
	    "toMode" TEXT NOT NULL,
	    "fromEpoch" INTEGER NOT NULL,
	    "toEpoch" INTEGER NOT NULL,
	    "reason" TEXT NOT NULL,
	    "initiatedByUserId" TEXT,
	    "effectiveWindowId" TEXT,
	    "effectiveSlot" TEXT,
	    "idempotencyKey" TEXT NOT NULL,
	    "createdAt" TIMESTAMP(3) NOT NULL DEFAULT CURRENT_TIMESTAMP,
	
	    CONSTRAINT "RoleControlTransition_pkey" PRIMARY KEY ("id")
	);
	
	-- CreateTable
	CREATE TABLE "InteractionRequest" (
	    "id" TEXT NOT NULL,
	    "runId" TEXT NOT NULL,
	    "nodeId" TEXT NOT NULL,
	    "windowId" TEXT NOT NULL,
	    "sourceActionId" TEXT NOT NULL,
	    "targetRoleId" TEXT NOT NULL,
	    "eventType" TEXT NOT NULL,
	    "priority" INTEGER NOT NULL DEFAULT 0,
	    "status" TEXT NOT NULL DEFAULT 'OPEN',
	    "opensAt" TIMESTAMP(3) NOT NULL DEFAULT CURRENT_TIMESTAMP,
	    "expiresAt" TIMESTAMP(3) NOT NULL,
	    "defaultOutcomeJson" JSONB NOT NULL,
	    "responseActionId" TEXT,
	    "dedupeKey" TEXT NOT NULL,
	    "createdAt" TIMESTAMP(3) NOT NULL DEFAULT CURRENT_TIMESTAMP,
	    "updatedAt" TIMESTAMP(3) NOT NULL,
	
	    CONSTRAINT "InteractionRequest_pkey" PRIMARY KEY ("id")
	);
	
	-- CreateTable
	CREATE TABLE "RoleAsset" (
	    "id" TEXT NOT NULL,
	    "runId" TEXT NOT NULL,
	    "assetKey" TEXT NOT NULL,
	    "kind" TEXT NOT NULL,
	    "ownerRoleId" TEXT NOT NULL,
	    "quantity" INTEGER NOT NULL DEFAULT 0,
	    "status" TEXT NOT NULL DEFAULT 'ACTIVE',
	    "visibility" TEXT NOT NULL DEFAULT 'PRIVATE',
	    "stateJson" JSONB NOT NULL,
	    "version" INTEGER NOT NULL DEFAULT 1,
	    "createdAt" TIMESTAMP(3) NOT NULL DEFAULT CURRENT_TIMESTAMP,
	    "updatedAt" TIMESTAMP(3) NOT NULL,
	
	    CONSTRAINT "RoleAsset_pkey" PRIMARY KEY ("id")
	);
	
	-- CreateTable
	CREATE TABLE "RoleAssetMutation" (
	    "id" TEXT NOT NULL,
	    "assetId" TEXT NOT NULL,
	    "actionId" TEXT NOT NULL,
	    "mutationType" TEXT NOT NULL,
	    "delta" INTEGER NOT NULL,
	    "fromRoleId" TEXT,
	    "toRoleId" TEXT,
	    "beforeJson" JSONB NOT NULL,
	    "afterJson" JSONB NOT NULL,
	    "idempotencyKey" TEXT NOT NULL,
	    "createdAt" TIMESTAMP(3) NOT NULL DEFAULT CURRENT_TIMESTAMP,
	
	    CONSTRAINT "RoleAssetMutation_pkey" PRIMARY KEY ("id")
	);
	
	-- CreateTable
	CREATE TABLE "StoryEventCursor" (
	    "id" TEXT NOT NULL,
	    "runId" TEXT NOT NULL,
	    "nextSequence" INTEGER NOT NULL DEFAULT 1,
	    "version" INTEGER NOT NULL DEFAULT 1,
	    "updatedAt" TIMESTAMP(3) NOT NULL,
	
	    CONSTRAINT "StoryEventCursor_pkey" PRIMARY KEY ("id")
	);
	
	-- CreateTable
	CREATE TABLE "EventDeliveryCursor" (
	    "id" TEXT NOT NULL,
	    "roomId" TEXT NOT NULL,
	    "userId" TEXT NOT NULL,
	    "nextSequence" INTEGER NOT NULL DEFAULT 1,
	    "version" INTEGER NOT NULL DEFAULT 1,
	    "updatedAt" TIMESTAMP(3) NOT NULL,
	
	    CONSTRAINT "EventDeliveryCursor_pkey" PRIMARY KEY ("id")
	);
	
	-- CreateTable
	CREATE TABLE "EventDelivery" (
	    "id" TEXT NOT NULL,
	    "eventId" TEXT NOT NULL,
	    "roomId" TEXT NOT NULL,
	    "userId" TEXT NOT NULL,
	    "roleId" TEXT,
	    "deliverySequence" INTEGER NOT NULL,
	    "payloadJson" JSONB NOT NULL,
	    "deliveredAt" TIMESTAMP(3) NOT NULL DEFAULT CURRENT_TIMESTAMP,
	
	    CONSTRAINT "EventDelivery_pkey" PRIMARY KEY ("id")
	);
	
	-- CreateTable
	CREATE TABLE "RoleAgentPolicy" (
	    "id" TEXT NOT NULL,
	    "runId" TEXT NOT NULL,
	    "roleId" TEXT NOT NULL,
	    "policyVersion" TEXT NOT NULL,
	    "promptVersion" TEXT NOT NULL,
	    "provider" TEXT NOT NULL,
	    "modelName" TEXT NOT NULL,
	    "goalsJson" JSONB NOT NULL,
	    "riskProfileJson" JSONB NOT NULL,
	    "assetPriorityJson" JSONB NOT NULL,
	    "actionWeightsJson" JSONB NOT NULL,
	    "fallbackBySlotJson" JSONB NOT NULL,
	    "status" TEXT NOT NULL DEFAULT 'ACTIVE',
	    "createdAt" TIMESTAMP(3) NOT NULL DEFAULT CURRENT_TIMESTAMP,
	    "supersededAt" TIMESTAMP(3),
	
	    CONSTRAINT "RoleAgentPolicy_pkey" PRIMARY KEY ("id")
	);
	
	-- CreateTable
	CREATE TABLE "RoleAgentProjection" (
	    "id" TEXT NOT NULL,
	    "runId" TEXT NOT NULL,
	    "windowId" TEXT NOT NULL,
	    "roleId" TEXT NOT NULL,
	    "actionSlot" TEXT NOT NULL,
	    "controlEpoch" INTEGER NOT NULL,
	    "policyVersion" TEXT NOT NULL,
	    "openingSnapshotVersion" INTEGER NOT NULL,
	    "projectionJson" JSONB NOT NULL,
	    "contentHash" TEXT NOT NULL,
	    "createdAt" TIMESTAMP(3) NOT NULL DEFAULT CURRENT_TIMESTAMP,
	
	    CONSTRAINT "RoleAgentProjection_pkey" PRIMARY KEY ("id")
	);
	
	-- CreateTable
	CREATE TABLE "RoleAgentDecision" (
	    "id" TEXT NOT NULL,
	    "runId" TEXT NOT NULL,
	    "windowId" TEXT NOT NULL,
	    "roleId" TEXT NOT NULL,
	    "actionSlot" TEXT NOT NULL,
	    "controlEpoch" INTEGER NOT NULL,
	    "policyVersion" TEXT NOT NULL,
	    "openingSnapshotVersion" INTEGER NOT NULL,
	    "taskDedupeKey" TEXT NOT NULL,
	    "projectionId" TEXT NOT NULL,
	    "status" TEXT NOT NULL DEFAULT 'PENDING',
	    "visibleFactIdsJson" JSONB NOT NULL,
	    "chosenActionKey" TEXT,
	    "targetRoleId" TEXT,
	    "leverageKey" TEXT,
	    "shortRationale" TEXT,
	    "provider" TEXT,
	    "modelName" TEXT,
	    "providerAttempts" INTEGER NOT NULL DEFAULT 0,
	    "providerResponseHash" TEXT,
	    "guardDecisionJson" JSONB,
	    "playerActionId" TEXT,
	    "lastError" TEXT,
	    "startedAt" TIMESTAMP(3),
	    "completedAt" TIMESTAMP(3),
	    "createdAt" TIMESTAMP(3) NOT NULL DEFAULT CURRENT_TIMESTAMP,
	    "updatedAt" TIMESTAMP(3) NOT NULL,
	
	    CONSTRAINT "RoleAgentDecision_pkey" PRIMARY KEY ("id")
	);
	
	-- CreateTable
	CREATE TABLE "ResolutionWorkflow" (
	    "id" TEXT NOT NULL,
	    "runId" TEXT NOT NULL,
	    "windowId" TEXT NOT NULL,
	    "nodeId" TEXT NOT NULL,
	    "resolutionId" TEXT,
	    "status" TEXT NOT NULL DEFAULT 'RUNNING',
	    "rulesInputHash" TEXT NOT NULL,
	    "rulesOutputJson" JSONB,
	    "version" INTEGER NOT NULL DEFAULT 1,
	    "createdAt" TIMESTAMP(3) NOT NULL DEFAULT CURRENT_TIMESTAMP,
	    "updatedAt" TIMESTAMP(3) NOT NULL,
	    "completedAt" TIMESTAMP(3),
	
	    CONSTRAINT "ResolutionWorkflow_pkey" PRIMARY KEY ("id")
	);
	
	-- CreateTable
	CREATE TABLE "ResolutionCheckpoint" (
	    "id" TEXT NOT NULL,
	    "workflowId" TEXT NOT NULL,
	    "checkpointKey" TEXT NOT NULL,
	    "contentHash" TEXT NOT NULL,
	    "outputRefType" TEXT,
	    "outputRefId" TEXT,
	    "completedAt" TIMESTAMP(3) NOT NULL DEFAULT CURRENT_TIMESTAMP,
	
	    CONSTRAINT "ResolutionCheckpoint_pkey" PRIMARY KEY ("id")
	);
	
	-- CreateIndex
	CREATE UNIQUE INDEX "ActionWindow_nodeId_key" ON "ActionWindow"("nodeId");
	CREATE UNIQUE INDEX "ActionWindow_resolutionTaskId_key" ON "ActionWindow"("resolutionTaskId");
	CREATE INDEX "ActionWindow_status_mainClosesAt_idx" ON "ActionWindow"("status", "mainClosesAt");
	CREATE INDEX "ActionWindow_status_graceClosesAt_idx" ON "ActionWindow"("status", "graceClosesAt");
	CREATE INDEX "ActionWindow_runId_status_idx" ON "ActionWindow"("runId", "status");
	
	CREATE UNIQUE INDEX "ActionWindowOpeningProjection_windowId_roleId_key" ON "ActionWindowOpeningProjection"("windowId", "roleId");
	CREATE INDEX "ActionWindowOpeningProjection_windowId_snapshotVersion_idx" ON "ActionWindowOpeningProjection"("windowId", "snapshotVersion");
	
	CREATE UNIQUE INDEX "ActionWindowParticipant_windowId_roleId_key" ON "ActionWindowParticipant"("windowId", "roleId");
	CREATE INDEX "ActionWindowParticipant_windowId_mainStatus_doneAt_idx" ON "ActionWindowParticipant"("windowId", "mainStatus", "doneAt");
	
	CREATE UNIQUE INDEX "RoleControl_runId_roleId_key" ON "RoleControl"("runId", "roleId");
	CREATE INDEX "RoleControl_mode_lastHeartbeatAt_idx" ON "RoleControl"("mode", "lastHeartbeatAt");
	CREATE INDEX "RoleControl_humanPlayerId_idx" ON "RoleControl"("humanPlayerId");
	
	CREATE UNIQUE INDEX "RoleControlTransition_idempotencyKey_key" ON "RoleControlTransition"("idempotencyKey");
	CREATE INDEX "RoleControlTransition_roleControlId_createdAt_idx" ON "RoleControlTransition"("roleControlId", "createdAt");
	CREATE INDEX "RoleControlTransition_effectiveWindowId_idx" ON "RoleControlTransition"("effectiveWindowId");
	
	CREATE UNIQUE INDEX "InteractionRequest_responseActionId_key" ON "InteractionRequest"("responseActionId");
	CREATE UNIQUE INDEX "InteractionRequest_dedupeKey_key" ON "InteractionRequest"("dedupeKey");
	CREATE INDEX "InteractionRequest_runId_status_idx" ON "InteractionRequest"("runId", "status");
	CREATE INDEX "InteractionRequest_windowId_targetRoleId_status_idx" ON "InteractionRequest"("windowId", "targetRoleId", "status");
	CREATE INDEX "InteractionRequest_sourceActionId_idx" ON "InteractionRequest"("sourceActionId");
	
	CREATE UNIQUE INDEX "RoleAsset_runId_assetKey_key" ON "RoleAsset"("runId", "assetKey");
	CREATE INDEX "RoleAsset_ownerRoleId_status_idx" ON "RoleAsset"("ownerRoleId", "status");
	
	CREATE UNIQUE INDEX "RoleAssetMutation_idempotencyKey_key" ON "RoleAssetMutation"("idempotencyKey");
	CREATE INDEX "RoleAssetMutation_assetId_createdAt_idx" ON "RoleAssetMutation"("assetId", "createdAt");
	CREATE INDEX "RoleAssetMutation_actionId_idx" ON "RoleAssetMutation"("actionId");
	
	CREATE UNIQUE INDEX "StoryEventCursor_runId_key" ON "StoryEventCursor"("runId");
	
	CREATE UNIQUE INDEX "EventDeliveryCursor_roomId_userId_key" ON "EventDeliveryCursor"("roomId", "userId");
	CREATE INDEX "EventDeliveryCursor_userId_idx" ON "EventDeliveryCursor"("userId");
	
	CREATE UNIQUE INDEX "EventDelivery_roomId_userId_deliverySequence_key" ON "EventDelivery"("roomId", "userId", "deliverySequence");
	CREATE UNIQUE INDEX "EventDelivery_eventId_userId_key" ON "EventDelivery"("eventId", "userId");
	CREATE INDEX "EventDelivery_userId_deliveredAt_idx" ON "EventDelivery"("userId", "deliveredAt");
	CREATE INDEX "EventDelivery_roleId_idx" ON "EventDelivery"("roleId");
	
	CREATE UNIQUE INDEX "RoleAgentPolicy_runId_roleId_policyVersion_key" ON "RoleAgentPolicy"("runId", "roleId", "policyVersion");
	CREATE INDEX "RoleAgentPolicy_runId_roleId_status_idx" ON "RoleAgentPolicy"("runId", "roleId", "status");
	
	CREATE UNIQUE INDEX "RoleAgentProjection_windowId_roleId_actionSlot_controlEpoch_key" ON "RoleAgentProjection"("windowId", "roleId", "actionSlot", "controlEpoch");
	CREATE INDEX "RoleAgentProjection_runId_roleId_createdAt_idx" ON "RoleAgentProjection"("runId", "roleId", "createdAt");
	
	CREATE UNIQUE INDEX "RoleAgentDecision_taskDedupeKey_key" ON "RoleAgentDecision"("taskDedupeKey");
	CREATE UNIQUE INDEX "RoleAgentDecision_playerActionId_key" ON "RoleAgentDecision"("playerActionId");
	CREATE UNIQUE INDEX "RoleAgentDecision_windowId_roleId_actionSlot_controlEpoch_key" ON "RoleAgentDecision"("windowId", "roleId", "actionSlot", "controlEpoch");
	CREATE INDEX "RoleAgentDecision_runId_roleId_createdAt_idx" ON "RoleAgentDecision"("runId", "roleId", "createdAt");
	CREATE INDEX "RoleAgentDecision_projectionId_idx" ON "RoleAgentDecision"("projectionId");
	
	CREATE UNIQUE INDEX "ResolutionWorkflow_windowId_key" ON "ResolutionWorkflow"("windowId");
	CREATE UNIQUE INDEX "ResolutionWorkflow_nodeId_key" ON "ResolutionWorkflow"("nodeId");
	CREATE UNIQUE INDEX "ResolutionWorkflow_resolutionId_key" ON "ResolutionWorkflow"("resolutionId");
	CREATE INDEX "ResolutionWorkflow_runId_status_idx" ON "ResolutionWorkflow"("runId", "status");
	
	CREATE UNIQUE INDEX "ResolutionCheckpoint_workflowId_checkpointKey_key" ON "ResolutionCheckpoint"("workflowId", "checkpointKey");
	
	CREATE INDEX "StoryTaskOutbox_runId_taskType_status_idx" ON "StoryTaskOutbox"("runId", "taskType", "status");
	CREATE INDEX "StoryTaskOutbox_windowId_roleId_actionSlot_idx" ON "StoryTaskOutbox"("windowId", "roleId", "actionSlot");
	CREATE INDEX "StoryTaskOutbox_leaseOwner_leaseExpiresAt_idx" ON "StoryTaskOutbox"("leaseOwner", "leaseExpiresAt");
	
	-- AddForeignKey
	ALTER TABLE "ActionWindow" ADD CONSTRAINT "ActionWindow_runId_fkey" FOREIGN KEY ("runId") REFERENCES "StoryRun"("id") ON DELETE CASCADE ON UPDATE CASCADE;
	ALTER TABLE "ActionWindow" ADD CONSTRAINT "ActionWindow_nodeId_fkey" FOREIGN KEY ("nodeId") REFERENCES "SceneNode"("id") ON DELETE CASCADE ON UPDATE CASCADE;
	ALTER TABLE "ActionWindow" ADD CONSTRAINT "ActionWindow_resolutionTaskId_fkey" FOREIGN KEY ("resolutionTaskId") REFERENCES "StoryTaskOutbox"("id") ON DELETE SET NULL ON UPDATE CASCADE;
	
	ALTER TABLE "ActionWindowOpeningProjection" ADD CONSTRAINT "ActionWindowOpeningProjection_windowId_fkey" FOREIGN KEY ("windowId") REFERENCES "ActionWindow"("id") ON DELETE CASCADE ON UPDATE CASCADE;
	ALTER TABLE "ActionWindowOpeningProjection" ADD CONSTRAINT "ActionWindowOpeningProjection_roleId_fkey" FOREIGN KEY ("roleId") REFERENCES "StoryRole"("id") ON DELETE RESTRICT ON UPDATE CASCADE;
	
	ALTER TABLE "ActionWindowParticipant" ADD CONSTRAINT "ActionWindowParticipant_windowId_fkey" FOREIGN KEY ("windowId") REFERENCES "ActionWindow"("id") ON DELETE CASCADE ON UPDATE CASCADE;
	ALTER TABLE "ActionWindowParticipant" ADD CONSTRAINT "ActionWindowParticipant_roleId_fkey" FOREIGN KEY ("roleId") REFERENCES "StoryRole"("id") ON DELETE RESTRICT ON UPDATE CASCADE;
	
	ALTER TABLE "RoleControl" ADD CONSTRAINT "RoleControl_runId_fkey" FOREIGN KEY ("runId") REFERENCES "StoryRun"("id") ON DELETE CASCADE ON UPDATE CASCADE;
	ALTER TABLE "RoleControl" ADD CONSTRAINT "RoleControl_roleId_fkey" FOREIGN KEY ("roleId") REFERENCES "StoryRole"("id") ON DELETE RESTRICT ON UPDATE CASCADE;
	ALTER TABLE "RoleControl" ADD CONSTRAINT "RoleControl_humanPlayerId_fkey" FOREIGN KEY ("humanPlayerId") REFERENCES "StoryPlayer"("id") ON DELETE SET NULL ON UPDATE CASCADE;
	ALTER TABLE "RoleControl" ADD CONSTRAINT "RoleControl_reclaimAfterWindowId_fkey" FOREIGN KEY ("reclaimAfterWindowId") REFERENCES "ActionWindow"("id") ON DELETE SET NULL ON UPDATE CASCADE;
	ALTER TABLE "RoleControl" ADD CONSTRAINT "RoleControl_stageLeaveWindowId_fkey" FOREIGN KEY ("stageLeaveWindowId") REFERENCES "ActionWindow"("id") ON DELETE SET NULL ON UPDATE CASCADE;
	
	ALTER TABLE "RoleControlTransition" ADD CONSTRAINT "RoleControlTransition_roleControlId_fkey" FOREIGN KEY ("roleControlId") REFERENCES "RoleControl"("id") ON DELETE CASCADE ON UPDATE CASCADE;
	ALTER TABLE "RoleControlTransition" ADD CONSTRAINT "RoleControlTransition_initiatedByUserId_fkey" FOREIGN KEY ("initiatedByUserId") REFERENCES "User"("id") ON DELETE SET NULL ON UPDATE CASCADE;
	ALTER TABLE "RoleControlTransition" ADD CONSTRAINT "RoleControlTransition_effectiveWindowId_fkey" FOREIGN KEY ("effectiveWindowId") REFERENCES "ActionWindow"("id") ON DELETE SET NULL ON UPDATE CASCADE;
	
	ALTER TABLE "InteractionRequest" ADD CONSTRAINT "InteractionRequest_runId_fkey" FOREIGN KEY ("runId") REFERENCES "StoryRun"("id") ON DELETE CASCADE ON UPDATE CASCADE;
	ALTER TABLE "InteractionRequest" ADD CONSTRAINT "InteractionRequest_nodeId_fkey" FOREIGN KEY ("nodeId") REFERENCES "SceneNode"("id") ON DELETE CASCADE ON UPDATE CASCADE;
	ALTER TABLE "InteractionRequest" ADD CONSTRAINT "InteractionRequest_windowId_fkey" FOREIGN KEY ("windowId") REFERENCES "ActionWindow"("id") ON DELETE CASCADE ON UPDATE CASCADE;
	ALTER TABLE "InteractionRequest" ADD CONSTRAINT "InteractionRequest_sourceActionId_fkey" FOREIGN KEY ("sourceActionId") REFERENCES "PlayerAction"("id") ON DELETE RESTRICT ON UPDATE CASCADE;
	ALTER TABLE "InteractionRequest" ADD CONSTRAINT "InteractionRequest_targetRoleId_fkey" FOREIGN KEY ("targetRoleId") REFERENCES "StoryRole"("id") ON DELETE RESTRICT ON UPDATE CASCADE;
	ALTER TABLE "InteractionRequest" ADD CONSTRAINT "InteractionRequest_responseActionId_fkey" FOREIGN KEY ("responseActionId") REFERENCES "PlayerAction"("id") ON DELETE SET NULL ON UPDATE CASCADE;
	
	ALTER TABLE "PlayerAction" ADD CONSTRAINT "PlayerAction_sourceInteractionRequestId_fkey" FOREIGN KEY ("sourceInteractionRequestId") REFERENCES "InteractionRequest"("id") ON DELETE SET NULL ON UPDATE CASCADE;
	ALTER TABLE "PlayerAction" ADD CONSTRAINT "PlayerAction_targetRoleId_fkey" FOREIGN KEY ("targetRoleId") REFERENCES "StoryRole"("id") ON DELETE SET NULL ON UPDATE CASCADE;
	
	ALTER TABLE "RoleAsset" ADD CONSTRAINT "RoleAsset_runId_fkey" FOREIGN KEY ("runId") REFERENCES "StoryRun"("id") ON DELETE CASCADE ON UPDATE CASCADE;
	ALTER TABLE "RoleAsset" ADD CONSTRAINT "RoleAsset_ownerRoleId_fkey" FOREIGN KEY ("ownerRoleId") REFERENCES "StoryRole"("id") ON DELETE RESTRICT ON UPDATE CASCADE;
	
	ALTER TABLE "RoleAssetMutation" ADD CONSTRAINT "RoleAssetMutation_assetId_fkey" FOREIGN KEY ("assetId") REFERENCES "RoleAsset"("id") ON DELETE RESTRICT ON UPDATE CASCADE;
	ALTER TABLE "RoleAssetMutation" ADD CONSTRAINT "RoleAssetMutation_actionId_fkey" FOREIGN KEY ("actionId") REFERENCES "PlayerAction"("id") ON DELETE RESTRICT ON UPDATE CASCADE;
	ALTER TABLE "RoleAssetMutation" ADD CONSTRAINT "RoleAssetMutation_fromRoleId_fkey" FOREIGN KEY ("fromRoleId") REFERENCES "StoryRole"("id") ON DELETE SET NULL ON UPDATE CASCADE;
	ALTER TABLE "RoleAssetMutation" ADD CONSTRAINT "RoleAssetMutation_toRoleId_fkey" FOREIGN KEY ("toRoleId") REFERENCES "StoryRole"("id") ON DELETE SET NULL ON UPDATE CASCADE;
	
	ALTER TABLE "StoryEvent" ADD CONSTRAINT "StoryEvent_sourceActionId_fkey" FOREIGN KEY ("sourceActionId") REFERENCES "PlayerAction"("id") ON DELETE SET NULL ON UPDATE CASCADE;
	ALTER TABLE "StoryEventCursor" ADD CONSTRAINT "StoryEventCursor_runId_fkey" FOREIGN KEY ("runId") REFERENCES "StoryRun"("id") ON DELETE CASCADE ON UPDATE CASCADE;
	
	ALTER TABLE "EventDeliveryCursor" ADD CONSTRAINT "EventDeliveryCursor_roomId_fkey" FOREIGN KEY ("roomId") REFERENCES "StoryRun"("id") ON DELETE CASCADE ON UPDATE CASCADE;
	ALTER TABLE "EventDeliveryCursor" ADD CONSTRAINT "EventDeliveryCursor_userId_fkey" FOREIGN KEY ("userId") REFERENCES "User"("id") ON DELETE CASCADE ON UPDATE CASCADE;
	
	ALTER TABLE "EventDelivery" ADD CONSTRAINT "EventDelivery_eventId_fkey" FOREIGN KEY ("eventId") REFERENCES "StoryEvent"("id") ON DELETE CASCADE ON UPDATE CASCADE;
	ALTER TABLE "EventDelivery" ADD CONSTRAINT "EventDelivery_roomId_fkey" FOREIGN KEY ("roomId") REFERENCES "StoryRun"("id") ON DELETE CASCADE ON UPDATE CASCADE;
	ALTER TABLE "EventDelivery" ADD CONSTRAINT "EventDelivery_userId_fkey" FOREIGN KEY ("userId") REFERENCES "User"("id") ON DELETE CASCADE ON UPDATE CASCADE;
	ALTER TABLE "EventDelivery" ADD CONSTRAINT "EventDelivery_roleId_fkey" FOREIGN KEY ("roleId") REFERENCES "StoryRole"("id") ON DELETE SET NULL ON UPDATE CASCADE;
	
	ALTER TABLE "RoleAgentPolicy" ADD CONSTRAINT "RoleAgentPolicy_runId_fkey" FOREIGN KEY ("runId") REFERENCES "StoryRun"("id") ON DELETE CASCADE ON UPDATE CASCADE;
	ALTER TABLE "RoleAgentPolicy" ADD CONSTRAINT "RoleAgentPolicy_roleId_fkey" FOREIGN KEY ("roleId") REFERENCES "StoryRole"("id") ON DELETE RESTRICT ON UPDATE CASCADE;
	
	ALTER TABLE "RoleAgentProjection" ADD CONSTRAINT "RoleAgentProjection_runId_fkey" FOREIGN KEY ("runId") REFERENCES "StoryRun"("id") ON DELETE CASCADE ON UPDATE CASCADE;
	ALTER TABLE "RoleAgentProjection" ADD CONSTRAINT "RoleAgentProjection_windowId_fkey" FOREIGN KEY ("windowId") REFERENCES "ActionWindow"("id") ON DELETE CASCADE ON UPDATE CASCADE;
	ALTER TABLE "RoleAgentProjection" ADD CONSTRAINT "RoleAgentProjection_roleId_fkey" FOREIGN KEY ("roleId") REFERENCES "StoryRole"("id") ON DELETE RESTRICT ON UPDATE CASCADE;
	
	ALTER TABLE "RoleAgentDecision" ADD CONSTRAINT "RoleAgentDecision_runId_fkey" FOREIGN KEY ("runId") REFERENCES "StoryRun"("id") ON DELETE CASCADE ON UPDATE CASCADE;
	ALTER TABLE "RoleAgentDecision" ADD CONSTRAINT "RoleAgentDecision_windowId_fkey" FOREIGN KEY ("windowId") REFERENCES "ActionWindow"("id") ON DELETE CASCADE ON UPDATE CASCADE;
	ALTER TABLE "RoleAgentDecision" ADD CONSTRAINT "RoleAgentDecision_roleId_fkey" FOREIGN KEY ("roleId") REFERENCES "StoryRole"("id") ON DELETE RESTRICT ON UPDATE CASCADE;
	ALTER TABLE "RoleAgentDecision" ADD CONSTRAINT "RoleAgentDecision_targetRoleId_fkey" FOREIGN KEY ("targetRoleId") REFERENCES "StoryRole"("id") ON DELETE SET NULL ON UPDATE CASCADE;
	ALTER TABLE "RoleAgentDecision" ADD CONSTRAINT "RoleAgentDecision_projectionId_fkey" FOREIGN KEY ("projectionId") REFERENCES "RoleAgentProjection"("id") ON DELETE CASCADE ON UPDATE CASCADE;
	ALTER TABLE "RoleAgentDecision" ADD CONSTRAINT "RoleAgentDecision_playerActionId_fkey" FOREIGN KEY ("playerActionId") REFERENCES "PlayerAction"("id") ON DELETE SET NULL ON UPDATE CASCADE;
	
	ALTER TABLE "StoryTaskOutbox" ADD CONSTRAINT "StoryTaskOutbox_windowId_fkey" FOREIGN KEY ("windowId") REFERENCES "ActionWindow"("id") ON DELETE SET NULL ON UPDATE CASCADE;
	ALTER TABLE "StoryTaskOutbox" ADD CONSTRAINT "StoryTaskOutbox_roleId_fkey" FOREIGN KEY ("roleId") REFERENCES "StoryRole"("id") ON DELETE SET NULL ON UPDATE CASCADE;
	
	ALTER TABLE "ResolutionWorkflow" ADD CONSTRAINT "ResolutionWorkflow_runId_fkey" FOREIGN KEY ("runId") REFERENCES "StoryRun"("id") ON DELETE CASCADE ON UPDATE CASCADE;
	ALTER TABLE "ResolutionWorkflow" ADD CONSTRAINT "ResolutionWorkflow_windowId_fkey" FOREIGN KEY ("windowId") REFERENCES "ActionWindow"("id") ON DELETE CASCADE ON UPDATE CASCADE;
	ALTER TABLE "ResolutionWorkflow" ADD CONSTRAINT "ResolutionWorkflow_nodeId_fkey" FOREIGN KEY ("nodeId") REFERENCES "SceneNode"("id") ON DELETE CASCADE ON UPDATE CASCADE;
	ALTER TABLE "ResolutionWorkflow" ADD CONSTRAINT "ResolutionWorkflow_resolutionId_fkey" FOREIGN KEY ("resolutionId") REFERENCES "DirectorResolution"("id") ON DELETE SET NULL ON UPDATE CASCADE;
	
	ALTER TABLE "ResolutionCheckpoint" ADD CONSTRAINT "ResolutionCheckpoint_workflowId_fkey" FOREIGN KEY ("workflowId") REFERENCES "ResolutionWorkflow"("id") ON DELETE CASCADE ON UPDATE CASCADE;
	
172.17.0.1 2026-08-10 17:09:01.219 UTC [258] postgres@postgres LOG:  statement: -- P0 continuous-strategy contract phase.
	-- Columns still omitted by legacy application writers intentionally remain
	-- nullable; their final NOT NULL cut-over is tracked by the D02 audit.
	
	-- StoryRun versions are required, while valid engine/strategy combinations are
	-- owned by the canonical game registry. Keeping the pair vocabulary out of a
	-- database CHECK allows a newly registered continuous game to onboard without
	-- a schema migration.
	ALTER TABLE "StoryRun"
	    ALTER COLUMN "engineVersion" SET DEFAULT 'legacy_v1',
	    ALTER COLUMN "engineVersion" SET NOT NULL,
	    ALTER COLUMN "strategyVersion" SET DEFAULT 'legacy_v1',
	    ALTER COLUMN "strategyVersion" SET NOT NULL;
	
	ALTER TABLE "StoryRun" DROP CONSTRAINT IF EXISTS "StoryRun_engine_strategy_version_pair_check";
	
	-- Defaults keep the legacy action writer deployable while the read/write path
	-- moves to actorKind, command hashes and slot fencing.
	ALTER TABLE "PlayerAction"
	    ALTER COLUMN "actionSlot" SET DEFAULT 'MAIN',
	    ALTER COLUMN "controlEpoch" SET DEFAULT 0;
	
	DROP INDEX "PlayerAction_nodeId_roleId_key";
	CREATE UNIQUE INDEX "PlayerAction_nodeId_roleId_actionSlot_key"
	    ON "PlayerAction"("nodeId", "roleId", "actionSlot");
	CREATE UNIQUE INDEX "PlayerAction_idempotencyKey_key"
	    ON "PlayerAction"("idempotencyKey");
	CREATE UNIQUE INDEX "PlayerAction_sourceInteractionRequestId_key"
	    ON "PlayerAction"("sourceInteractionRequestId");
	CREATE INDEX "PlayerAction_targetRoleId_idx" ON "PlayerAction"("targetRoleId");
	
	CREATE UNIQUE INDEX "StoryEvent_dedupeKey_key" ON "StoryEvent"("dedupeKey");
	CREATE UNIQUE INDEX "StoryEvent_runId_sequence_key" ON "StoryEvent"("runId", "sequence");
	CREATE INDEX "StoryEvent_sourceActionId_idx" ON "StoryEvent"("sourceActionId");
	
	CREATE UNIQUE INDEX "SceneSnapshot_dedupeKey_key" ON "SceneSnapshot"("dedupeKey");
	CREATE UNIQUE INDEX "NarrativeEntry_dedupeKey_key" ON "NarrativeEntry"("dedupeKey");
	
	-- Keep StoryTaskOutbox_nodeId_key temporarily for the legacy API findUnique
	-- path. It must be removed when that writer switches to dedupeKey.
	CREATE UNIQUE INDEX "StoryTaskOutbox_dedupeKey_key" ON "StoryTaskOutbox"("dedupeKey");
	
	-- A role can have at most one unresolved forced reaction in a node.
	CREATE UNIQUE INDEX "InteractionRequest_nodeId_targetRoleId_open_key"
	    ON "InteractionRequest"("nodeId", "targetRoleId")
	    WHERE "status" = 'OPEN';
	
	-- Window and participant state machines.
	ALTER TABLE "ActionWindow" ADD CONSTRAINT "ActionWindow_status_check"
	CHECK ("status" IN (
	    'PREPARING',
	    'MAIN_OPEN',
	    'INTERACTION_GRACE',
	    'CLOSING',
	    'RESOLVING',
	    'PROJECTING',
	    'RESOLVED'
	));
	
	ALTER TABLE "ActionWindow" ADD CONSTRAINT "ActionWindow_closing_reason_check"
	CHECK (
	    "closingReason" IS NULL
	    OR "closingReason" IN ('ALL_DONE', 'MAIN_TIMEOUT', 'GRACE_TIMEOUT', 'ADMIN_FORCE')
	);
	
	ALTER TABLE "ActionWindow" ADD CONSTRAINT "ActionWindow_versions_check"
	CHECK (
	    "version" >= 1
	    AND "projectionVersion" >= 0
	    AND ("openingSnapshotVersion" IS NULL OR "openingSnapshotVersion" >= 0)
	);
	
	ALTER TABLE "ActionWindow" ADD CONSTRAINT "ActionWindow_time_order_check"
	CHECK (
	    ("mainOpenedAt" IS NULL OR "mainClosesAt" IS NULL OR "mainOpenedAt" <= "mainClosesAt")
	    AND ("graceOpenedAt" IS NULL OR "graceMinClosesAt" IS NULL OR "graceOpenedAt" <= "graceMinClosesAt")
	    AND ("graceMinClosesAt" IS NULL OR "graceClosesAt" IS NULL OR "graceMinClosesAt" <= "graceClosesAt")
	);
	
	ALTER TABLE "ActionWindowParticipant" ADD CONSTRAINT "ActionWindowParticipant_main_status_check"
	CHECK ("mainStatus" IN ('PENDING', 'SUBMITTED', 'TIMED_OUT'));
	
	ALTER TABLE "ActionWindowParticipant" ADD CONSTRAINT "ActionWindowParticipant_maneuver_status_check"
	CHECK ("maneuverStatus" IN ('LOCKED', 'AVAILABLE', 'SUBMITTED', 'PASSED', 'EXPIRED'));
	
	ALTER TABLE "ActionWindowParticipant" ADD CONSTRAINT "ActionWindowParticipant_reaction_status_check"
	CHECK ("reactionStatus" IN ('NOT_OPEN', 'PENDING', 'RESPONDED', 'FALLBACK', 'EXPIRED'));
	
	ALTER TABLE "ActionWindowParticipant" ADD CONSTRAINT "ActionWindowParticipant_version_check"
	CHECK ("version" >= 1);
	
	-- Authoritative control and fencing-token transitions.
	ALTER TABLE "RoleControl" ADD CONSTRAINT "RoleControl_mode_check"
	CHECK ("mode" IN (
	    'HUMAN_ACTIVE',
	    'HUMAN_OFFLINE_GRACE',
	    'AI_ACTIVE',
	    'HUMAN_RECLAIM_PENDING',
	    'SYSTEM'
	));
	
	ALTER TABLE "RoleControl" ADD CONSTRAINT "RoleControl_reason_check"
	CHECK (
	    "reason" IS NULL
	    OR "reason" IN ('ROOM_STARTED', 'INITIAL_AI_AGENT', 'SYSTEM_ROLE', 'EXPLICIT_EXIT', 'DISCONNECT_TIMEOUT', 'HUMAN_RECLAIM', 'SYSTEM')
	);
	
	ALTER TABLE "RoleControl" ADD CONSTRAINT "RoleControl_epoch_check"
	CHECK ("epoch" >= 1);
	
	ALTER TABLE "RoleControlTransition" ADD CONSTRAINT "RoleControlTransition_mode_check"
	CHECK (
	    "fromMode" IN ('HUMAN_ACTIVE', 'HUMAN_OFFLINE_GRACE', 'AI_ACTIVE', 'HUMAN_RECLAIM_PENDING', 'SYSTEM')
	    AND "toMode" IN ('HUMAN_ACTIVE', 'HUMAN_OFFLINE_GRACE', 'AI_ACTIVE', 'HUMAN_RECLAIM_PENDING', 'SYSTEM')
	);
	
	ALTER TABLE "RoleControlTransition" ADD CONSTRAINT "RoleControlTransition_epoch_check"
	CHECK ("fromEpoch" >= 1 AND "toEpoch" >= "fromEpoch");
	
	ALTER TABLE "RoleControlTransition" ADD CONSTRAINT "RoleControlTransition_effective_slot_check"
	CHECK (
	    "effectiveSlot" IS NULL
	    OR "effectiveSlot" IN ('MAIN', 'MANEUVER', 'REACTION')
	);
	
	-- Action command identity, slot and visibility vocabulary. Nullable preserves
	-- the current writer until the application contract lands.
	ALTER TABLE "PlayerAction" ADD CONSTRAINT "PlayerAction_action_slot_check"
	CHECK (
	    "actionSlot" IS NULL
	    OR "actionSlot" IN ('MAIN', 'MANEUVER', 'REACTION', 'SYSTEM_ACTION')
	);
	
	ALTER TABLE "PlayerAction" ADD CONSTRAINT "PlayerAction_actor_kind_check"
	CHECK (
	    "actorKind" IS NULL
	    OR "actorKind" IN ('HUMAN', 'AI_TAKEOVER', 'SYSTEM', 'TIMEOUT_FALLBACK', 'LEGACY_AI')
	);
	
	ALTER TABLE "PlayerAction" ADD CONSTRAINT "PlayerAction_visibility_check"
	CHECK (
	    "visibility" IS NULL
	    OR "visibility" IN ('PUBLIC', 'OBSERVABLE', 'LIMITED', 'PRIVATE')
	);
	
	ALTER TABLE "PlayerAction" ADD CONSTRAINT "PlayerAction_control_epoch_check"
	CHECK ("controlEpoch" IS NULL OR "controlEpoch" >= 0);
	
	ALTER TABLE "InteractionRequest" ADD CONSTRAINT "InteractionRequest_status_check"
	CHECK ("status" IN ('OPEN', 'RESPONDED', 'EXPIRED', 'DOWNGRADED'));
	
	ALTER TABLE "InteractionRequest" ADD CONSTRAINT "InteractionRequest_time_check"
	CHECK ("opensAt" <= "expiresAt");
	
	-- Resource ledger and event/delivery sequence invariants.
	ALTER TABLE "RoleAsset" ADD CONSTRAINT "RoleAsset_quantity_version_check"
	CHECK ("quantity" >= 0 AND "version" >= 1);
	
	ALTER TABLE "RoleAsset" ADD CONSTRAINT "RoleAsset_visibility_check"
	CHECK ("visibility" IN ('PUBLIC', 'OBSERVABLE', 'LIMITED', 'PRIVATE'));
	
	ALTER TABLE "StoryEvent" ADD CONSTRAINT "StoryEvent_sequence_check"
	CHECK ("sequence" IS NULL OR "sequence" >= 1);
	
	ALTER TABLE "StoryEvent" ADD CONSTRAINT "StoryEvent_audience_type_check"
	CHECK (
	    "audienceType" IS NULL
	    OR "audienceType" IN ('PUBLIC', 'OBSERVABLE', 'LIMITED', 'PRIVATE')
	);
	
	ALTER TABLE "StoryEventCursor" ADD CONSTRAINT "StoryEventCursor_sequence_version_check"
	CHECK ("nextSequence" >= 1 AND "version" >= 1);
	
	ALTER TABLE "EventDeliveryCursor" ADD CONSTRAINT "EventDeliveryCursor_sequence_version_check"
	CHECK ("nextSequence" >= 1 AND "version" >= 1);
	
	ALTER TABLE "EventDelivery" ADD CONSTRAINT "EventDelivery_sequence_check"
	CHECK ("deliverySequence" >= 1);
	
	-- Role Agent persistence contracts.
	ALTER TABLE "RoleAgentPolicy" ADD CONSTRAINT "RoleAgentPolicy_status_check"
	CHECK ("status" IN ('ACTIVE', 'SUPERSEDED'));
	
	ALTER TABLE "RoleAgentProjection" ADD CONSTRAINT "RoleAgentProjection_slot_epoch_check"
	CHECK (
	    "actionSlot" IN ('MAIN', 'MANEUVER', 'REACTION')
	    AND "controlEpoch" >= 1
	    AND "openingSnapshotVersion" >= 0
	);
	
	ALTER TABLE "RoleAgentDecision" ADD CONSTRAINT "RoleAgentDecision_status_check"
	CHECK ("status" IN (
	    'PENDING',
	    'SEALED_ACT',
	    'SEALED_FALLBACK',
	    'PASS',
	    'STALE',
	    'NO_OP',
	    'FAILED'
	));
	
	ALTER TABLE "RoleAgentDecision" ADD CONSTRAINT "RoleAgentDecision_slot_epoch_attempt_check"
	CHECK (
	    "actionSlot" IN ('MAIN', 'MANEUVER', 'REACTION')
	    AND "controlEpoch" >= 1
	    AND "openingSnapshotVersion" >= 0
	    AND "providerAttempts" >= 0
	);
	
	-- The compatibility vocabulary admits the currently deployed lowercase
	-- resolve_node worker until D02 application dual-write is complete.
	ALTER TABLE "StoryTaskOutbox" ADD CONSTRAINT "StoryTaskOutbox_task_type_check"
	CHECK ("taskType" IN (
	    'resolve_node',
	    'RESOLVE_WINDOW',
	    'PROJECT_REPAIR',
	    'ROLE_AGENT_DECISION'
	));
	
	ALTER TABLE "StoryTaskOutbox" ADD CONSTRAINT "StoryTaskOutbox_status_check"
	CHECK ("status" IN (
	    'pending', 'running', 'completed', 'failed',
	    'PENDING', 'RUNNING', 'RETRY', 'COMPLETED', 'FAILED'
	));
	
	ALTER TABLE "StoryTaskOutbox" ADD CONSTRAINT "StoryTaskOutbox_outcome_check"
	CHECK (
	    "outcome" IS NULL
	    OR "outcome" IN (
	        'SEALED_ACT',
	        'SEALED_FALLBACK',
	        'PASS',
	        'STALE',
	        'NO_OP',
	        'RESOLVED',
	        'REPAIRED'
	    )
	);
	
	ALTER TABLE "StoryTaskOutbox" ADD CONSTRAINT "StoryTaskOutbox_attempt_lease_check"
	CHECK (
	    "attempt" >= 0
	    AND "maxAttempts" >= 1
	    AND "leaseVersion" >= 0
	    AND ("controlEpoch" IS NULL OR "controlEpoch" >= 1)
	);
	
	ALTER TABLE "StoryTaskOutbox" ADD CONSTRAINT "StoryTaskOutbox_dedupe_format_check"
	CHECK (
	    "dedupeKey" IS NULL
	    OR "dedupeKey" LIKE 'RESOLVE_LEGACY:%'
	    OR "dedupeKey" LIKE 'RESOLVE:%'
	    OR "dedupeKey" LIKE 'PROJECT_REPAIR:%'
	    OR "dedupeKey" LIKE 'AI_TAKEOVER:%'
	);
	
	-- Resolution can resume only through the persisted workflow/checkpoint ledger.
	ALTER TABLE "ResolutionWorkflow" ADD CONSTRAINT "ResolutionWorkflow_status_check"
	CHECK ("status" IN ('RUNNING', 'COMPLETED', 'FAILED'));
	
	ALTER TABLE "ResolutionWorkflow" ADD CONSTRAINT "ResolutionWorkflow_version_check"
	CHECK ("version" >= 1);
	
	ALTER TABLE "ResolutionCheckpoint" ADD CONSTRAINT "ResolutionCheckpoint_key_check"
	CHECK (
	    "checkpointKey" IN (
	        'RULES_APPLIED',
	        'PUBLIC_PROJECTED',
	        'PUBLISHED',
	        'NEXT_WINDOW_OPENED',
	        'RUN_COMPLETED'
	    )
	    OR "checkpointKey" ~ '^ROLE_PROJECTED:[^:]+$'
	);
	
172.17.0.1 2026-08-10 17:09:01.240 UTC [258] postgres@postgres LOG:  statement: -- One scene node owns multiple independent task identities: three Role Agent
	-- slots plus one resolution workflow. The dedupe key, not nodeId, is the
	-- authoritative idempotency boundary.
	DROP INDEX IF EXISTS "StoryTaskOutbox_nodeId_key";
	CREATE INDEX IF NOT EXISTS "StoryTaskOutbox_nodeId_idx" ON "StoryTaskOutbox"("nodeId");
	
	UPDATE "StoryTaskOutbox"
	SET "dedupeKey" = COALESCE("dedupeKey", 'RESOLVE_LEGACY:' || "nodeId");
	
	ALTER TABLE "StoryTaskOutbox"
	  ALTER COLUMN "dedupeKey" SET NOT NULL;
	
172.17.0.1 2026-08-10 17:09:01.244 UTC [258] postgres@postgres LOG:  statement: -- Keep the database authority contract aligned with every control transition
	-- emitted by the continuous multiplayer engine.  The earlier allowlist only
	-- covered design-time reason names and rejected the concrete startup/reclaim
	-- values used by the implementation.
	ALTER TABLE "RoleControl" DROP CONSTRAINT IF EXISTS "RoleControl_reason_check";
	
	ALTER TABLE "RoleControl" ADD CONSTRAINT "RoleControl_reason_check"
	CHECK (
	    "reason" IS NULL
	    OR "reason" IN (
	        'ROOM_STARTED',
	        'INITIAL_AI_AGENT',
	        'SYSTEM_ROLE',
	        'EXPLICIT_HANDOFF',
	        'EXPLICIT_EXIT',
	        'DISCONNECT_TIMEOUT',
	        'HUMAN_RECLAIM',
	        'PLAYER_RECLAIMED',
	        'PLAYER_RECLAIM_SCHEDULED',
	        'RECLAIM_EFFECTIVE_NEXT_WINDOW',
	        'HEARTBEAT_RECOVERED',
	        'PLAYER_LEFT_STAGE_AFTER_DONE',
	        'SYSTEM'
	    )
	);
	
172.17.0.1 2026-08-10 17:09:01.248 UTC [258] postgres@postgres LOG:  statement: -- Align the database state-machine vocabulary with the concrete runtime
	-- commands.  These remain strict allowlists; the change adds only values
	-- emitted by the continuous engine and its leased worker.
	
	ALTER TABLE "ActionWindow" DROP CONSTRAINT IF EXISTS "ActionWindow_closing_reason_check";
	ALTER TABLE "ActionWindow" ADD CONSTRAINT "ActionWindow_closing_reason_check"
	CHECK (
	    "closingReason" IS NULL
	    OR "closingReason" IN (
	        'ALL_DONE',
	        'ALL_LAYOUTS_DONE',
	        'MAIN_TIMEOUT',
	        'GRACE_TIMEOUT',
	        'GRACE_DEADLINE',
	        'ADMIN_FORCE'
	    )
	);
	
	ALTER TABLE "InteractionRequest" DROP CONSTRAINT IF EXISTS "InteractionRequest_status_check";
	ALTER TABLE "InteractionRequest" ADD CONSTRAINT "InteractionRequest_status_check"
	CHECK ("status" IN ('OPEN', 'RESPONDED', 'DEFAULTED', 'EXPIRED', 'DOWNGRADED'));
	
	ALTER TABLE "StoryEvent" DROP CONSTRAINT IF EXISTS "StoryEvent_audience_type_check";
	ALTER TABLE "StoryEvent" ADD CONSTRAINT "StoryEvent_audience_type_check"
	CHECK (
	    "audienceType" IS NULL
	    OR "audienceType" IN (
	        'ALL_MEMBERS',
	        'ROLE',
	        'MEMBER',
	        'PUBLIC',
	        'OBSERVABLE',
	        'LIMITED',
	        'PRIVATE'
	    )
	);
	
	ALTER TABLE "StoryTaskOutbox" DROP CONSTRAINT IF EXISTS "StoryTaskOutbox_outcome_check";
	ALTER TABLE "StoryTaskOutbox" ADD CONSTRAINT "StoryTaskOutbox_outcome_check"
	CHECK (
	    "outcome" IS NULL
	    OR "outcome" IN (
	        'SEALED_ACT',
	        'SEALED_FALLBACK',
	        'PASS',
	        'STALE',
	        'NO_OP',
	        'RESOLVED',
	        'REPAIRED',
	        'COMPLETED'
	    )
	);
	
	ALTER TABLE "StoryTaskOutbox" DROP CONSTRAINT IF EXISTS "StoryTaskOutbox_dedupe_format_check";
	ALTER TABLE "StoryTaskOutbox" ADD CONSTRAINT "StoryTaskOutbox_dedupe_format_check"
	CHECK (
	    "dedupeKey" LIKE 'RESOLVE_LEGACY:%'
	    OR "dedupeKey" LIKE 'RESOLVE:%'
	    OR "dedupeKey" LIKE 'RESOLVE_WINDOW:%'
	    OR "dedupeKey" LIKE 'PROJECT_REPAIR:%'
	    OR "dedupeKey" LIKE 'AI_TAKEOVER:%'
	    OR "dedupeKey" LIKE 'ROLE_AGENT:%'
	);
	
172.17.0.1 2026-08-10 17:09:01.252 UTC [258] postgres@postgres LOG:  statement: -- Durable per-browser heartbeat cursor.  Presence cannot be kept in process
	-- memory because API restarts and horizontally scaled instances must agree on
	-- replay ordering and disconnect takeover.
	CREATE TABLE "PresenceSession" (
	    "id" TEXT NOT NULL,
	    "runId" TEXT NOT NULL,
	    "userId" TEXT NOT NULL,
	    "playerId" TEXT NOT NULL,
	    "roleId" TEXT NOT NULL,
	    "sessionInstanceId" TEXT NOT NULL,
	    "lastHeartbeatSequence" INTEGER NOT NULL DEFAULT 0,
	    "lastAppliedDeliverySequence" INTEGER NOT NULL DEFAULT 0,
	    "lastHeartbeatAt" TIMESTAMP(3) NOT NULL DEFAULT CURRENT_TIMESTAMP,
	    "expiresAt" TIMESTAMP(3) NOT NULL,
	    "createdAt" TIMESTAMP(3) NOT NULL DEFAULT CURRENT_TIMESTAMP,
	    "updatedAt" TIMESTAMP(3) NOT NULL,
	
	    CONSTRAINT "PresenceSession_pkey" PRIMARY KEY ("id"),
	    CONSTRAINT "PresenceSession_heartbeat_sequence_check" CHECK ("lastHeartbeatSequence" >= 0),
	    CONSTRAINT "PresenceSession_delivery_sequence_check" CHECK ("lastAppliedDeliverySequence" >= 0),
	    CONSTRAINT "PresenceSession_expiry_check" CHECK ("expiresAt" >= "lastHeartbeatAt")
	);
	
	CREATE UNIQUE INDEX "PresenceSession_runId_userId_sessionInstanceId_key"
	    ON "PresenceSession"("runId", "userId", "sessionInstanceId");
	CREATE INDEX "PresenceSession_runId_lastHeartbeatAt_idx"
	    ON "PresenceSession"("runId", "lastHeartbeatAt");
	CREATE INDEX "PresenceSession_playerId_expiresAt_idx"
	    ON "PresenceSession"("playerId", "expiresAt");
	CREATE INDEX "PresenceSession_roleId_lastHeartbeatAt_idx"
	    ON "PresenceSession"("roleId", "lastHeartbeatAt");
	
	ALTER TABLE "PresenceSession" ADD CONSTRAINT "PresenceSession_runId_fkey"
	    FOREIGN KEY ("runId") REFERENCES "StoryRun"("id") ON DELETE CASCADE ON UPDATE CASCADE;
	ALTER TABLE "PresenceSession" ADD CONSTRAINT "PresenceSession_userId_fkey"
	    FOREIGN KEY ("userId") REFERENCES "User"("id") ON DELETE CASCADE ON UPDATE CASCADE;
	ALTER TABLE "PresenceSession" ADD CONSTRAINT "PresenceSession_playerId_fkey"
	    FOREIGN KEY ("playerId") REFERENCES "StoryPlayer"("id") ON DELETE CASCADE ON UPDATE CASCADE;
	ALTER TABLE "PresenceSession" ADD CONSTRAINT "PresenceSession_roleId_fkey"
	    FOREIGN KEY ("roleId") REFERENCES "StoryRole"("id") ON DELETE CASCADE ON UPDATE CASCADE;
	
	ALTER TABLE "RoleControl" DROP CONSTRAINT IF EXISTS "RoleControl_reason_check";
	ALTER TABLE "RoleControl" ADD CONSTRAINT "RoleControl_reason_check"
	CHECK (
	    "reason" IS NULL
	    OR "reason" IN (
	        'ROOM_STARTED', 'INITIAL_AI_AGENT', 'SYSTEM_ROLE', 'EXPLICIT_HANDOFF', 'EXPLICIT_EXIT',
	        'DISCONNECT_DETECTED', 'DISCONNECT_TIMEOUT', 'HUMAN_RECLAIM',
	        'PLAYER_RECLAIMED', 'PLAYER_RECLAIM_SCHEDULED',
	        'RECLAIM_EFFECTIVE_NEXT_WINDOW', 'HEARTBEAT_RECOVERED',
	        'PLAYER_LEFT_STAGE_AFTER_DONE', 'SYSTEM'
	    )
	);
	
172.17.0.1 2026-08-10 17:09:01.266 UTC [258] postgres@postgres LOG:  statement: -- A reclaim can be scheduled for the next action window after an AI action has
	-- already sealed the current slot.  Preserve that boundary in the transition
	-- ledger instead of overloading a concrete action slot.
	ALTER TABLE "RoleControlTransition"
	    DROP CONSTRAINT IF EXISTS "RoleControlTransition_effective_slot_check";
	
	ALTER TABLE "RoleControlTransition"
	    ADD CONSTRAINT "RoleControlTransition_effective_slot_check"
	    CHECK (
	        "effectiveSlot" IS NULL
	        OR "effectiveSlot" IN ('MAIN', 'MANEUVER', 'REACTION', 'NEXT_WINDOW')
	    );
	
172.17.0.1 2026-08-10 17:09:01.269 UTC [258] postgres@postgres LOG:  statement: -- World-driven actions and world-owned assets are not player-role records.
	-- A NULL role/owner is reserved for the configured worldActor; normal human
	-- and AI Agent actions continue to reference a StoryRole.
	ALTER TABLE "PlayerAction" ALTER COLUMN "roleId" DROP NOT NULL;
	ALTER TABLE "RoleAsset" ALTER COLUMN "ownerRoleId" DROP NOT NULL;
	ALTER TABLE "RoleAsset" ADD COLUMN "ownerActorKey" TEXT;
	CREATE INDEX "RoleAsset_ownerActorKey_status_idx" ON "RoleAsset"("ownerActorKey", "status");
	
172.17.0.1 2026-08-10 17:09:01.273 UTC [258] postgres@postgres LOG:  statement: -- Secure result shares never persist the Bearer [REDACTED] itself. Existing legacy
	-- links are revoked and erased before the public endpoint is enabled.
	ALTER TABLE "ShareToken" ALTER COLUMN "token" DROP NOT NULL;
	ALTER TABLE "ShareToken"
	  ADD COLUMN "tokenHash" TEXT,
	  ADD COLUMN "tokenPrefix" TEXT,
	  ADD COLUMN "includeRoleName" BOOLEAN NOT NULL DEFAULT false,
	  ADD COLUMN "expiresAt" TIMESTAMP(3),
	  ADD COLUMN "revokedAt" TIMESTAMP(3),
	  ADD COLUMN "lastAccessedAt" TIMESTAMP(3),
	  ADD COLUMN "updatedAt" TIMESTAMP(3) NOT NULL DEFAULT CURRENT_TIMESTAMP;
	
	UPDATE "ShareToken"
	SET
	  "tokenPrefix" = left("token", 8),
	  "expiresAt" = CURRENT_TIMESTAMP,
	  "revokedAt" = CURRENT_TIMESTAMP,
	  "token" = NULL
	WHERE "token" IS NOT NULL;
	
	CREATE UNIQUE INDEX "ShareToken_tokenHash_key" ON "ShareToken"("tokenHash");
	CREATE INDEX "ShareToken_tokenHash_expiresAt_revokedAt_idx" ON "ShareToken"("tokenHash", "expiresAt", "revokedAt");
	
	CREATE TYPE "RefundRequestStatus" AS ENUM (
	  'PENDING',
	  'APPROVED',
	  'PROVIDER_ACTION_REQUIRED',
	  'SUBMITTED',
	  'COMPLETED',
	  'REJECTED',
	  'FAILED'
	);
	
	CREATE TABLE "RefundRequest" (
	  "id" TEXT NOT NULL,
	  "purchaseId" TEXT NOT NULL,
	  "userId" TEXT NOT NULL,
	  "status" "RefundRequestStatus" NOT NULL DEFAULT 'PENDING',
	  "reason" TEXT NOT NULL,
	  "message" TEXT,
	  "requestedAmountCents" INTEGER NOT NULL,
	  "reviewerUserId" TEXT,
	  "adminNote" TEXT,
	  "providerRefundId" TEXT,
	  "providerStatus" TEXT,
	  "providerResponseJson" JSONB,
	  "failureCode" TEXT,
	  "failureMessage" TEXT,
	  "requestedAt" TIMESTAMP(3) NOT NULL DEFAULT CURRENT_TIMESTAMP,
	  "reviewedAt" TIMESTAMP(3),
	  "submittedAt" TIMESTAMP(3),
	  "completedAt" TIMESTAMP(3),
	  "updatedAt" TIMESTAMP(3) NOT NULL,
	  CONSTRAINT "RefundRequest_pkey" PRIMARY KEY ("id")
	);
	
	CREATE UNIQUE INDEX "RefundRequest_purchaseId_key" ON "RefundRequest"("purchaseId");
	CREATE INDEX "RefundRequest_userId_requestedAt_idx" ON "RefundRequest"("userId", "requestedAt");
	CREATE INDEX "RefundRequest_status_requestedAt_idx" ON "RefundRequest"("status", "requestedAt");
	CREATE INDEX "RefundRequest_reviewerUserId_idx" ON "RefundRequest"("reviewerUserId");
	
	ALTER TABLE "RefundRequest" ADD CONSTRAINT "RefundRequest_purchaseId_fkey"
	  FOREIGN KEY ("purchaseId") REFERENCES "CreemPurchase"("id") ON DELETE CASCADE ON UPDATE CASCADE;
	ALTER TABLE "RefundRequest" ADD CONSTRAINT "RefundRequest_userId_fkey"
	  FOREIGN KEY ("userId") REFERENCES "User"("id") ON DELETE CASCADE ON UPDATE CASCADE;
	ALTER TABLE "RefundRequest" ADD CONSTRAINT "RefundRequest_reviewerUserId_fkey"
	  FOREIGN KEY ("reviewerUserId") REFERENCES "User"("id") ON DELETE SET NULL ON UPDATE CASCADE;
	
172.17.0.1 2026-08-10 17:09:01.286 UTC [258] postgres@postgres LOG:  statement: -- Align the live ShareToken defaults with the checked-in Prisma contract.
	-- Existing rows are unchanged; these defaults only affect future inserts.
	ALTER TABLE "ShareToken"
	  ALTER COLUMN "scene" SET DEFAULT 'result',
	  ALTER COLUMN "channel" SET DEFAULT 'LINK',
	  ALTER COLUMN "updatedAt" DROP DEFAULT;
	
172.17.0.1 2026-08-10 17:09:01.289 UTC [258] postgres@postgres LOG:  statement: ALTER TABLE "StoryRun" ADD COLUMN "worldSequence" INTEGER NOT NULL DEFAULT 0;
	ALTER TABLE "NarrativeEntry" ADD COLUMN "worldSequence" INTEGER;
	CREATE INDEX "NarrativeEntry_runId_worldSequence_idx" ON "NarrativeEntry"("runId", "worldSequence");
	
	CREATE TABLE "ActorThread" (
	  "id" TEXT NOT NULL, "runId" TEXT NOT NULL, "roleId" TEXT NOT NULL,
	  "status" TEXT NOT NULL DEFAULT 'ACTIVE', "currentTurnIndex" INTEGER NOT NULL DEFAULT 1,
	  "currentStageIndex" INTEGER NOT NULL DEFAULT 1, "lastAppliedSequence" INTEGER NOT NULL DEFAULT 0,
	  "completedAt" TIMESTAMP(3), "createdAt" TIMESTAMP(3) NOT NULL DEFAULT CURRENT_TIMESTAMP,
	  "updatedAt" TIMESTAMP(3) NOT NULL, CONSTRAINT "ActorThread_pkey" PRIMARY KEY ("id")
	);
	
	CREATE TABLE "ActorTurn" (
	  "id" TEXT NOT NULL, "runId" TEXT NOT NULL, "threadId" TEXT NOT NULL, "roleId" TEXT NOT NULL,
	  "stageIndex" INTEGER NOT NULL, "turnIndex" INTEGER NOT NULL, "status" TEXT NOT NULL DEFAULT 'OPEN',
	  "baseWorldSequence" INTEGER NOT NULL, "revision" INTEGER NOT NULL DEFAULT 1,
	  "situationTitle" TEXT NOT NULL, "situationNarrative" TEXT NOT NULL,
	  "visibleFactKeysJson" JSONB NOT NULL, "activeThreadKeysJson" JSONB NOT NULL,
	  "contextJson" JSONB NOT NULL, "qualityStatus" TEXT NOT NULL DEFAULT 'PENDING',
	  "dedupeKey" TEXT NOT NULL, "openedAt" TIMESTAMP(3) NOT NULL DEFAULT CURRENT_TIMESTAMP,
	  "resolvedAt" TIMESTAMP(3), "createdAt" TIMESTAMP(3) NOT NULL DEFAULT CURRENT_TIMESTAMP,
	  "updatedAt" TIMESTAMP(3) NOT NULL, CONSTRAINT "ActorTurn_pkey" PRIMARY KEY ("id")
	);
	
	CREATE TABLE "DecisionSet" (
	  "id" TEXT NOT NULL, "runId" TEXT NOT NULL, "turnId" TEXT NOT NULL, "roleId" TEXT NOT NULL,
	  "contextHash" TEXT NOT NULL, "framing" TEXT NOT NULL, "candidatesJson" JSONB NOT NULL,
	  "qualityStatus" TEXT NOT NULL DEFAULT 'PENDING', "qualityJson" JSONB NOT NULL,
	  "revision" INTEGER NOT NULL DEFAULT 1, "generatedAt" TIMESTAMP(3) NOT NULL DEFAULT CURRENT_TIMESTAMP,
	  CONSTRAINT "DecisionSet_pkey" PRIMARY KEY ("id")
	);
	
	CREATE TABLE "DecisionSubmission" (
	  "id" TEXT NOT NULL, "runId" TEXT NOT NULL, "threadId" TEXT NOT NULL, "turnId" TEXT NOT NULL,
	  "roleId" TEXT NOT NULL, "userId" TEXT, "playerActionId" TEXT, "candidateId" TEXT,
	  "customAction" TEXT, "normalizedActionJson" JSONB NOT NULL, "controlEpoch" INTEGER NOT NULL,
	  "idempotencyKey" TEXT NOT NULL, "requestHash" TEXT NOT NULL, "status" TEXT NOT NULL DEFAULT 'ACCEPTED',
	  "submittedAt" TIMESTAMP(3) NOT NULL DEFAULT CURRENT_TIMESTAMP, "resolvedAt" TIMESTAMP(3),
	  CONSTRAINT "DecisionSubmission_pkey" PRIMARY KEY ("id")
	);
	
	CREATE TABLE "ActionResolution" (
	  "id" TEXT NOT NULL, "runId" TEXT NOT NULL, "threadId" TEXT NOT NULL, "turnId" TEXT NOT NULL,
	  "submissionId" TEXT NOT NULL, "roleId" TEXT NOT NULL, "playerActionId" TEXT NOT NULL,
	  "baseWorldSequence" INTEGER NOT NULL, "appliedWorldSequence" INTEGER NOT NULL,
	  "outcomeJson" JSONB NOT NULL, "statePatchJson" JSONB NOT NULL, "resultNarrative" TEXT NOT NULL,
	  "nextHook" TEXT NOT NULL, "qualityStatus" TEXT NOT NULL DEFAULT 'PENDING',
	  "resolvedAt" TIMESTAMP(3) NOT NULL DEFAULT CURRENT_TIMESTAMP,
	  "createdAt" TIMESTAMP(3) NOT NULL DEFAULT CURRENT_TIMESTAMP,
	  CONSTRAINT "ActionResolution_pkey" PRIMARY KEY ("id")
	);
	
	CREATE TABLE "ContentQualityReview" (
	  "id" TEXT NOT NULL, "runId" TEXT NOT NULL, "roleId" TEXT, "turnId" TEXT,
	  "targetType" TEXT NOT NULL, "targetId" TEXT NOT NULL, "contentHash" TEXT NOT NULL,
	  "status" TEXT NOT NULL, "scoresJson" JSONB NOT NULL, "issuesJson" JSONB NOT NULL,
	  "provider" TEXT NOT NULL DEFAULT 'rules', "modelName" TEXT NOT NULL DEFAULT 'deterministic-quality-v1',
	  "createdAt" TIMESTAMP(3) NOT NULL DEFAULT CURRENT_TIMESTAMP,
	  CONSTRAINT "ContentQualityReview_pkey" PRIMARY KEY ("id")
	);
	
	CREATE UNIQUE INDEX "ActorThread_roleId_key" ON "ActorThread"("roleId");
	CREATE UNIQUE INDEX "ActorThread_runId_roleId_key" ON "ActorThread"("runId", "roleId");
	CREATE INDEX "ActorThread_runId_status_idx" ON "ActorThread"("runId", "status");
	CREATE INDEX "ActorThread_runId_lastAppliedSequence_idx" ON "ActorThread"("runId", "lastAppliedSequence");
	CREATE UNIQUE INDEX "ActorTurn_dedupeKey_key" ON "ActorTurn"("dedupeKey");
	CREATE UNIQUE INDEX "ActorTurn_threadId_turnIndex_key" ON "ActorTurn"("threadId", "turnIndex");
	CREATE INDEX "ActorTurn_runId_roleId_status_idx" ON "ActorTurn"("runId", "roleId", "status");
	CREATE INDEX "ActorTurn_runId_baseWorldSequence_idx" ON "ActorTurn"("runId", "baseWorldSequence");
	CREATE UNIQUE INDEX "DecisionSet_turnId_key" ON "DecisionSet"("turnId");
	CREATE INDEX "DecisionSet_runId_roleId_generatedAt_idx" ON "DecisionSet"("runId", "roleId", "generatedAt");
	CREATE UNIQUE INDEX "DecisionSubmission_turnId_key" ON "DecisionSubmission"("turnId");
	CREATE UNIQUE INDEX "DecisionSubmission_playerActionId_key" ON "DecisionSubmission"("playerActionId");
	CREATE UNIQUE INDEX "DecisionSubmission_idempotencyKey_key" ON "DecisionSubmission"("idempotencyKey");
	CREATE INDEX "DecisionSubmission_runId_roleId_submittedAt_idx" ON "DecisionSubmission"("runId", "roleId", "submittedAt");
	CREATE INDEX "DecisionSubmission_threadId_status_idx" ON "DecisionSubmission"("threadId", "status");
	CREATE UNIQUE INDEX "ActionResolution_turnId_key" ON "ActionResolution"("turnId");
	CREATE UNIQUE INDEX "ActionResolution_submissionId_key" ON "ActionResolution"("submissionId");
	CREATE UNIQUE INDEX "ActionResolution_playerActionId_key" ON "ActionResolution"("playerActionId");
	CREATE UNIQUE INDEX "ActionResolution_runId_appliedWorldSequence_key" ON "ActionResolution"("runId", "appliedWorldSequence");
	CREATE INDEX "ActionResolution_runId_roleId_resolvedAt_idx" ON "ActionResolution"("runId", "roleId", "resolvedAt");
	CREATE INDEX "ActionResolution_threadId_appliedWorldSequence_idx" ON "ActionResolution"("threadId", "appliedWorldSequence");
	CREATE UNIQUE INDEX "ContentQualityReview_targetType_targetId_contentHash_key" ON "ContentQualityReview"("targetType", "targetId", "contentHash");
	CREATE INDEX "ContentQualityReview_runId_status_createdAt_idx" ON "ContentQualityReview"("runId", "status", "createdAt");
	CREATE INDEX "ContentQualityReview_turnId_targetType_idx" ON "ContentQualityReview"("turnId", "targetType");
	
	ALTER TABLE "ActorThread" ADD CONSTRAINT "ActorThread_runId_fkey" FOREIGN KEY ("runId") REFERENCES "StoryRun"("id") ON DELETE CASCADE ON UPDATE CASCADE;
	ALTER TABLE "ActorThread" ADD CONSTRAINT "ActorThread_roleId_fkey" FOREIGN KEY ("roleId") REFERENCES "StoryRole"("id") ON DELETE CASCADE ON UPDATE CASCADE;
	ALTER TABLE "ActorTurn" ADD CONSTRAINT "ActorTurn_runId_fkey" FOREIGN KEY ("runId") REFERENCES "StoryRun"("id") ON DELETE CASCADE ON UPDATE CASCADE;
	ALTER TABLE "ActorTurn" ADD CONSTRAINT "ActorTurn_threadId_fkey" FOREIGN KEY ("threadId") REFERENCES "ActorThread"("id") ON DELETE CASCADE ON UPDATE CASCADE;
	ALTER TABLE "ActorTurn" ADD CONSTRAINT "ActorTurn_roleId_fkey" FOREIGN KEY ("roleId") REFERENCES "StoryRole"("id") ON DELETE CASCADE ON UPDATE CASCADE;
	ALTER TABLE "DecisionSet" ADD CONSTRAINT "DecisionSet_runId_fkey" FOREIGN KEY ("runId") REFERENCES "StoryRun"("id") ON DELETE CASCADE ON UPDATE CASCADE;
	ALTER TABLE "DecisionSet" ADD CONSTRAINT "DecisionSet_turnId_fkey" FOREIGN KEY ("turnId") REFERENCES "ActorTurn"("id") ON DELETE CASCADE ON UPDATE CASCADE;
	ALTER TABLE "DecisionSet" ADD CONSTRAINT "DecisionSet_roleId_fkey" FOREIGN KEY ("roleId") REFERENCES "StoryRole"("id") ON DELETE CASCADE ON UPDATE CASCADE;
	ALTER TABLE "DecisionSubmission" ADD CONSTRAINT "DecisionSubmission_runId_fkey" FOREIGN KEY ("runId") REFERENCES "StoryRun"("id") ON DELETE CASCADE ON UPDATE CASCADE;
	ALTER TABLE "DecisionSubmission" ADD CONSTRAINT "DecisionSubmission_threadId_fkey" FOREIGN KEY ("threadId") REFERENCES "ActorThread"("id") ON DELETE CASCADE ON UPDATE CASCADE;
	ALTER TABLE "DecisionSubmission" ADD CONSTRAINT "DecisionSubmission_turnId_fkey" FOREIGN KEY ("turnId") REFERENCES "ActorTurn"("id") ON DELETE CASCADE ON UPDATE CASCADE;
	ALTER TABLE "DecisionSubmission" ADD CONSTRAINT "DecisionSubmission_roleId_fkey" FOREIGN KEY ("roleId") REFERENCES "StoryRole"("id") ON DELETE CASCADE ON UPDATE CASCADE;
	ALTER TABLE "DecisionSubmission" ADD CONSTRAINT "DecisionSubmission_userId_fkey" FOREIGN KEY ("userId") REFERENCES "User"("id") ON DELETE SET NULL ON UPDATE CASCADE;
	ALTER TABLE "DecisionSubmission" ADD CONSTRAINT "DecisionSubmission_playerActionId_fkey" FOREIGN KEY ("playerActionId") REFERENCES "PlayerAction"("id") ON DELETE SET NULL ON UPDATE CASCADE;
	ALTER TABLE "ActionResolution" ADD CONSTRAINT "ActionResolution_runId_fkey" FOREIGN KEY ("runId") REFERENCES "StoryRun"("id") ON DELETE CASCADE ON UPDATE CASCADE;
	ALTER TABLE "ActionResolution" ADD CONSTRAINT "ActionResolution_threadId_fkey" FOREIGN KEY ("threadId") REFERENCES "ActorThread"("id") ON DELETE CASCADE ON UPDATE CASCADE;
	ALTER TABLE "ActionResolution" ADD CONSTRAINT "ActionResolution_turnId_fkey" FOREIGN KEY ("turnId") REFERENCES "ActorTurn"("id") ON DELETE CASCADE ON UPDATE CASCADE;
	ALTER TABLE "ActionResolution" ADD CONSTRAINT "ActionResolution_submissionId_fkey" FOREIGN KEY ("submissionId") REFERENCES "DecisionSubmission"("id") ON DELETE CASCADE ON UPDATE CASCADE;
	ALTER TABLE "ActionResolution" ADD CONSTRAINT "ActionResolution_roleId_fkey" FOREIGN KEY ("roleId") REFERENCES "StoryRole"("id") ON DELETE CASCADE ON UPDATE CASCADE;
	ALTER TABLE "ActionResolution" ADD CONSTRAINT "ActionResolution_playerActionId_fkey" FOREIGN KEY ("playerActionId") REFERENCES "PlayerAction"("id") ON DELETE RESTRICT ON UPDATE CASCADE;
	ALTER TABLE "ContentQualityReview" ADD CONSTRAINT "ContentQualityReview_runId_fkey" FOREIGN KEY ("runId") REFERENCES "StoryRun"("id") ON DELETE CASCADE ON UPDATE CASCADE;
	ALTER TABLE "ContentQualityReview" ADD CONSTRAINT "ContentQualityReview_roleId_fkey" FOREIGN KEY ("roleId") REFERENCES "StoryRole"("id") ON DELETE SET NULL ON UPDATE CASCADE;
	
172.17.0.1 2026-08-10 17:09:01.337 UTC [258] postgres@postgres LOG:  statement: -- Extend the durable worker vocabulary for independent actor turns. These
	-- tasks never participate in an ActionWindow or shared-round barrier.
	ALTER TABLE "StoryTaskOutbox" DROP CONSTRAINT IF EXISTS "StoryTaskOutbox_task_type_check";
	ALTER TABLE "StoryTaskOutbox" ADD CONSTRAINT "StoryTaskOutbox_task_type_check"
	CHECK ("taskType" IN (
	    'resolve_node',
	    'RESOLVE_WINDOW',
	    'PROJECT_REPAIR',
	    'ROLE_AGENT_DECISION',
	    'ACTOR_AGENT_TURN_V2'
	));
	
	ALTER TABLE "StoryTaskOutbox" DROP CONSTRAINT IF EXISTS "StoryTaskOutbox_outcome_check";
	ALTER TABLE "StoryTaskOutbox" ADD CONSTRAINT "StoryTaskOutbox_outcome_check"
	CHECK (
	    "outcome" IS NULL
	    OR "outcome" IN (
	        'SEALED_ACT',
	        'SEALED_FALLBACK',
	        'PASS',
	        'STALE',
	        'NO_OP',
	        'RESOLVED',
	        'REPAIRED',
	        'COMPLETED',
	        'ACTOR_TURN_RESOLVED',
	        'CONTROL_RECLAIMED'
	    )
	);
	
	ALTER TABLE "StoryTaskOutbox" DROP CONSTRAINT IF EXISTS "StoryTaskOutbox_dedupe_format_check";
	ALTER TABLE "StoryTaskOutbox" ADD CONSTRAINT "StoryTaskOutbox_dedupe_format_check"
	CHECK (
	    "dedupeKey" LIKE 'RESOLVE_LEGACY:%'
	    OR "dedupeKey" LIKE 'RESOLVE:%'
	    OR "dedupeKey" LIKE 'RESOLVE_WINDOW:%'
	    OR "dedupeKey" LIKE 'PROJECT_REPAIR:%'
	    OR "dedupeKey" LIKE 'AI_TAKEOVER:%'
	    OR "dedupeKey" LIKE 'ROLE_AGENT:%'
	    OR "dedupeKey" LIKE 'ACTOR_AGENT_TURN_V2:%'
	);
	
172.17.0.1 2026-08-10 17:09:01.341 UTC [258] postgres@postgres LOG:  statement: -- V2 seals one PlayerAction per ActorTurn. The turn id in the slot preserves
	-- the existing unique(node, role, slot) invariant without collapsing seven
	-- independent decisions into the old single MAIN slot.
	ALTER TABLE "PlayerAction" DROP CONSTRAINT IF EXISTS "PlayerAction_action_slot_check";
	ALTER TABLE "PlayerAction" ADD CONSTRAINT "PlayerAction_action_slot_check"
	CHECK (
	    "actionSlot" IS NULL
	    OR "actionSlot" IN ('MAIN', 'MANEUVER', 'REACTION', 'SYSTEM_ACTION')
	    OR "actionSlot" LIKE 'TURN:%'
	);
	
172.17.0.1 2026-08-10 17:09:01.344 UTC [258] postgres@postgres LOG:  statement: -- Preserve the complete player-authored decision contract. Columns stay
	-- nullable so historical V2 test rows remain readable; every new V2 submit
	-- writes all five fields and acceptance verifies their presence.
	ALTER TABLE "DecisionSubmission"
	  ADD COLUMN "rawIntentJson" JSONB,
	  ADD COLUMN "normalizedIntentJson" JSONB,
	  ADD COLUMN "immutableIntentHash" TEXT,
	  ADD COLUMN "guardDecisionJson" JSONB,
	  ADD COLUMN "selectedLeverageKeysJson" JSONB;
	
	CREATE TABLE "InteractionRequestV2" (
	  "id" TEXT NOT NULL,
	  "runId" TEXT NOT NULL,
	  "sourceResolutionId" TEXT NOT NULL,
	  "sourceRoleId" TEXT NOT NULL,
	  "targetRoleId" TEXT NOT NULL,
	  "requestKind" TEXT NOT NULL,
	  "pressureJson" JSONB NOT NULL,
	  "observableTraceJson" JSONB,
	  "status" TEXT NOT NULL DEFAULT 'OPEN',
	  "responseTurnId" TEXT,
	  "expiresAt" TIMESTAMP(3),
	  "dedupeKey" TEXT NOT NULL,
	  "createdAt" TIMESTAMP(3) NOT NULL DEFAULT CURRENT_TIMESTAMP,
	  "respondedAt" TIMESTAMP(3),
	  "updatedAt" TIMESTAMP(3) NOT NULL,
	  CONSTRAINT "InteractionRequestV2_pkey" PRIMARY KEY ("id")
	);
	
	CREATE TABLE "ConditionalActionV2" (
	  "id" TEXT NOT NULL,
	  "runId" TEXT NOT NULL,
	  "ownerThreadId" TEXT NOT NULL,
	  "sourceSubmissionId" TEXT NOT NULL,
	  "rawConditionJson" JSONB NOT NULL,
	  "normalizedCommandJson" JSONB NOT NULL,
	  "status" TEXT NOT NULL DEFAULT 'ARMED',
	  "triggerEventKey" TEXT,
	  "triggeredResolutionId" TEXT,
	  "expiresAtStage" INTEGER,
	  "dedupeKey" TEXT NOT NULL,
	  "createdAt" TIMESTAMP(3) NOT NULL DEFAULT CURRENT_TIMESTAMP,
	  "triggeredAt" TIMESTAMP(3),
	  "expiredAt" TIMESTAMP(3),
	  "updatedAt" TIMESTAMP(3) NOT NULL,
	  CONSTRAINT "ConditionalActionV2_pkey" PRIMARY KEY ("id")
	);
	
	CREATE TABLE "CommitmentV2" (
	  "id" TEXT NOT NULL,
	  "runId" TEXT NOT NULL,
	  "sourceResolutionId" TEXT NOT NULL,
	  "issuerRoleId" TEXT NOT NULL,
	  "receiverRoleId" TEXT NOT NULL,
	  "content" TEXT NOT NULL,
	  "visibility" TEXT NOT NULL DEFAULT 'LIMITED',
	  "expiresAtStage" INTEGER,
	  "status" TEXT NOT NULL DEFAULT 'ACTIVE',
	  "dedupeKey" TEXT NOT NULL,
	  "createdAt" TIMESTAMP(3) NOT NULL DEFAULT CURRENT_TIMESTAMP,
	  "fulfilledAt" TIMESTAMP(3),
	  "breachedAt" TIMESTAMP(3),
	  "expiredAt" TIMESTAMP(3),
	  "updatedAt" TIMESTAMP(3) NOT NULL,
	  CONSTRAINT "CommitmentV2_pkey" PRIMARY KEY ("id")
	);
	
	CREATE UNIQUE INDEX "InteractionRequestV2_responseTurnId_key" ON "InteractionRequestV2"("responseTurnId");
	CREATE UNIQUE INDEX "InteractionRequestV2_dedupeKey_key" ON "InteractionRequestV2"("dedupeKey");
	CREATE UNIQUE INDEX "InteractionRequestV2_sourceResolutionId_targetRoleId_key" ON "InteractionRequestV2"("sourceResolutionId", "targetRoleId");
	CREATE INDEX "InteractionRequestV2_runId_targetRoleId_status_idx" ON "InteractionRequestV2"("runId", "targetRoleId", "status");
	CREATE INDEX "InteractionRequestV2_sourceRoleId_status_idx" ON "InteractionRequestV2"("sourceRoleId", "status");
	
	CREATE UNIQUE INDEX "ConditionalActionV2_sourceSubmissionId_key" ON "ConditionalActionV2"("sourceSubmissionId");
	CREATE UNIQUE INDEX "ConditionalActionV2_triggeredResolutionId_key" ON "ConditionalActionV2"("triggeredResolutionId");
	CREATE UNIQUE INDEX "ConditionalActionV2_dedupeKey_key" ON "ConditionalActionV2"("dedupeKey");
	CREATE INDEX "ConditionalActionV2_runId_status_expiresAtStage_idx" ON "ConditionalActionV2"("runId", "status", "expiresAtStage");
	CREATE INDEX "ConditionalActionV2_ownerThreadId_status_idx" ON "ConditionalActionV2"("ownerThreadId", "status");
	
	CREATE UNIQUE INDEX "CommitmentV2_dedupeKey_key" ON "CommitmentV2"("dedupeKey");
	CREATE INDEX "CommitmentV2_runId_status_expiresAtStage_idx" ON "CommitmentV2"("runId", "status", "expiresAtStage");
	CREATE INDEX "CommitmentV2_issuerRoleId_status_idx" ON "CommitmentV2"("issuerRoleId", "status");
	CREATE INDEX "CommitmentV2_receiverRoleId_status_idx" ON "CommitmentV2"("receiverRoleId", "status");
	
	ALTER TABLE "InteractionRequestV2" ADD CONSTRAINT "InteractionRequestV2_runId_fkey" FOREIGN KEY ("runId") REFERENCES "StoryRun"("id") ON DELETE CASCADE ON UPDATE CASCADE;
	ALTER TABLE "InteractionRequestV2" ADD CONSTRAINT "InteractionRequestV2_sourceResolutionId_fkey" FOREIGN KEY ("sourceResolutionId") REFERENCES "ActionResolution"("id") ON DELETE CASCADE ON UPDATE CASCADE;
	ALTER TABLE "InteractionRequestV2" ADD CONSTRAINT "InteractionRequestV2_sourceRoleId_fkey" FOREIGN KEY ("sourceRoleId") REFERENCES "StoryRole"("id") ON DELETE CASCADE ON UPDATE CASCADE;
	ALTER TABLE "InteractionRequestV2" ADD CONSTRAINT "InteractionRequestV2_targetRoleId_fkey" FOREIGN KEY ("targetRoleId") REFERENCES "StoryRole"("id") ON DELETE CASCADE ON UPDATE CASCADE;
	ALTER TABLE "InteractionRequestV2" ADD CONSTRAINT "InteractionRequestV2_responseTurnId_fkey" FOREIGN KEY ("responseTurnId") REFERENCES "ActorTurn"("id") ON DELETE SET NULL ON UPDATE CASCADE;
	
	ALTER TABLE "ConditionalActionV2" ADD CONSTRAINT "ConditionalActionV2_runId_fkey" FOREIGN KEY ("runId") REFERENCES "StoryRun"("id") ON DELETE CASCADE ON UPDATE CASCADE;
	ALTER TABLE "ConditionalActionV2" ADD CONSTRAINT "ConditionalActionV2_ownerThreadId_fkey" FOREIGN KEY ("ownerThreadId") REFERENCES "ActorThread"("id") ON DELETE CASCADE ON UPDATE CASCADE;
	ALTER TABLE "ConditionalActionV2" ADD CONSTRAINT "ConditionalActionV2_sourceSubmissionId_fkey" FOREIGN KEY ("sourceSubmissionId") REFERENCES "DecisionSubmission"("id") ON DELETE CASCADE ON UPDATE CASCADE;
	ALTER TABLE "ConditionalActionV2" ADD CONSTRAINT "ConditionalActionV2_triggeredResolutionId_fkey" FOREIGN KEY ("triggeredResolutionId") REFERENCES "ActionResolution"("id") ON DELETE SET NULL ON UPDATE CASCADE;
	
	ALTER TABLE "CommitmentV2" ADD CONSTRAINT "CommitmentV2_runId_fkey" FOREIGN KEY ("runId") REFERENCES "StoryRun"("id") ON DELETE CASCADE ON UPDATE CASCADE;
	ALTER TABLE "CommitmentV2" ADD CONSTRAINT "CommitmentV2_sourceResolutionId_fkey" FOREIGN KEY ("sourceResolutionId") REFERENCES "ActionResolution"("id") ON DELETE CASCADE ON UPDATE CASCADE;
	ALTER TABLE "CommitmentV2" ADD CONSTRAINT "CommitmentV2_issuerRoleId_fkey" FOREIGN KEY ("issuerRoleId") REFERENCES "StoryRole"("id") ON DELETE CASCADE ON UPDATE CASCADE;
	ALTER TABLE "CommitmentV2" ADD CONSTRAINT "CommitmentV2_receiverRoleId_fkey" FOREIGN KEY ("receiverRoleId") REFERENCES "StoryRole"("id") ON DELETE CASCADE ON UPDATE CASCADE;
	
172.17.0.1 2026-08-10 17:09:01.372 UTC [258] postgres@postgres LOG:  statement: -- Role-scoped context and isolated prompt execution evidence. These are
	-- append-only audit tables and do not rewrite existing story data.
	CREATE TABLE "StoryContextSnapshotV2" (
	  "id" TEXT NOT NULL,
	  "runId" TEXT NOT NULL,
	  "roleId" TEXT NOT NULL,
	  "actorTurnId" TEXT,
	  "purpose" TEXT NOT NULL,
	  "baseWorldSequence" INTEGER NOT NULL,
	  "turnRevision" INTEGER NOT NULL,
	  "controlEpoch" INTEGER NOT NULL,
	  "contextVersion" TEXT NOT NULL DEFAULT 'story-context-v2.1',
	  "snapshotJson" JSONB,
	  "reportJson" JSONB NOT NULL,
	  "snapshotHash" TEXT,
	  "status" TEXT NOT NULL DEFAULT 'READY',
	  "createdAt" TIMESTAMP(3) NOT NULL DEFAULT CURRENT_TIMESTAMP,
	  CONSTRAINT "StoryContextSnapshotV2_pkey" PRIMARY KEY ("id")
	);
	
	CREATE TABLE "PromptExecutionRecord" (
	  "id" TEXT NOT NULL,
	  "runId" TEXT NOT NULL,
	  "roleId" TEXT NOT NULL,
	  "actorTurnId" TEXT,
	  "actionResolutionId" TEXT,
	  "contextSnapshotId" TEXT NOT NULL,
	  "pipelineStep" TEXT NOT NULL,
	  "promptVersion" TEXT NOT NULL,
	  "schemaVersion" TEXT NOT NULL,
	  "provider" TEXT NOT NULL,
	  "modelName" TEXT NOT NULL,
	  "systemPromptHash" TEXT NOT NULL,
	  "contextSnapshotHash" TEXT NOT NULL,
	  "inputHash" TEXT NOT NULL,
	  "outputHash" TEXT,
	  "attempt" INTEGER NOT NULL DEFAULT 1,
	  "inputJson" JSONB NOT NULL,
	  "outputJson" JSONB,
	  "issueCodesJson" JSONB NOT NULL,
	  "tokenUsageJson" JSONB,
	  "status" TEXT NOT NULL,
	  "supersededReason" TEXT,
	  "startedAt" TIMESTAMP(3) NOT NULL,
	  "finishedAt" TIMESTAMP(3) NOT NULL,
	  "latencyMs" INTEGER NOT NULL,
	  "createdAt" TIMESTAMP(3) NOT NULL DEFAULT CURRENT_TIMESTAMP,
	  CONSTRAINT "PromptExecutionRecord_pkey" PRIMARY KEY ("id")
	);
	
	CREATE INDEX "StoryContextSnapshotV2_runId_roleId_baseWorldSequence_idx" ON "StoryContextSnapshotV2"("runId", "roleId", "baseWorldSequence");
	CREATE INDEX "StoryContextSnapshotV2_actorTurnId_purpose_createdAt_idx" ON "StoryContextSnapshotV2"("actorTurnId", "purpose", "createdAt");
	CREATE INDEX "StoryContextSnapshotV2_snapshotHash_idx" ON "StoryContextSnapshotV2"("snapshotHash");
	CREATE INDEX "StoryContextSnapshotV2_status_createdAt_idx" ON "StoryContextSnapshotV2"("status", "createdAt");
	
	CREATE INDEX "PromptExecutionRecord_runId_roleId_startedAt_idx" ON "PromptExecutionRecord"("runId", "roleId", "startedAt");
	CREATE INDEX "PromptExecutionRecord_actorTurnId_pipelineStep_status_idx" ON "PromptExecutionRecord"("actorTurnId", "pipelineStep", "status");
	CREATE INDEX "PromptExecutionRecord_actionResolutionId_idx" ON "PromptExecutionRecord"("actionResolutionId");
	CREATE INDEX "PromptExecutionRecord_contextSnapshotId_pipelineStep_idx" ON "PromptExecutionRecord"("contextSnapshotId", "pipelineStep");
	
	ALTER TABLE "StoryContextSnapshotV2" ADD CONSTRAINT "StoryContextSnapshotV2_runId_fkey" FOREIGN KEY ("runId") REFERENCES "StoryRun"("id") ON DELETE CASCADE ON UPDATE CASCADE;
	ALTER TABLE "StoryContextSnapshotV2" ADD CONSTRAINT "StoryContextSnapshotV2_roleId_fkey" FOREIGN KEY ("roleId") REFERENCES "StoryRole"("id") ON DELETE CASCADE ON UPDATE CASCADE;
	ALTER TABLE "StoryContextSnapshotV2" ADD CONSTRAINT "StoryContextSnapshotV2_actorTurnId_fkey" FOREIGN KEY ("actorTurnId") REFERENCES "ActorTurn"("id") ON DELETE SET NULL ON UPDATE CASCADE;
	
	ALTER TABLE "PromptExecutionRecord" ADD CONSTRAINT "PromptExecutionRecord_runId_fkey" FOREIGN KEY ("runId") REFERENCES "StoryRun"("id") ON DELETE CASCADE ON UPDATE CASCADE;
	ALTER TABLE "PromptExecutionRecord" ADD CONSTRAINT "PromptExecutionRecord_roleId_fkey" FOREIGN KEY ("roleId") REFERENCES "StoryRole"("id") ON DELETE CASCADE ON UPDATE CASCADE;
	ALTER TABLE "PromptExecutionRecord" ADD CONSTRAINT "PromptExecutionRecord_actorTurnId_fkey" FOREIGN KEY ("actorTurnId") REFERENCES "ActorTurn"("id") ON DELETE SET NULL ON UPDATE CASCADE;
	ALTER TABLE "PromptExecutionRecord" ADD CONSTRAINT "PromptExecutionRecord_actionResolutionId_fkey" FOREIGN KEY ("actionResolutionId") REFERENCES "ActionResolution"("id") ON DELETE SET NULL ON UPDATE CASCADE;
	ALTER TABLE "PromptExecutionRecord" ADD CONSTRAINT "PromptExecutionRecord_contextSnapshotId_fkey" FOREIGN KEY ("contextSnapshotId") REFERENCES "StoryContextSnapshotV2"("id") ON DELETE CASCADE ON UPDATE CASCADE;
	
172.17.0.1 2026-08-10 17:09:01.390 UTC [258] postgres@postgres LOG:  statement: -- Independent actor generation uses its own durable task vocabulary. None of
	-- these task types joins an ActionWindow or waits for another role.
	ALTER TABLE "StoryTaskOutbox" DROP CONSTRAINT IF EXISTS "StoryTaskOutbox_task_type_check";
	ALTER TABLE "StoryTaskOutbox" ADD CONSTRAINT "StoryTaskOutbox_task_type_check"
	CHECK ("taskType" IN (
	    'resolve_node',
	    'RESOLVE_WINDOW',
	    'PROJECT_REPAIR',
	    'ROLE_AGENT_DECISION',
	    'ACTOR_OPENING_V2',
	    'ACTOR_AGENT_TURN_V2',
	    'ACTOR_RESULT_V2',
	    'ACTOR_IMPACT_V2',
	    'CONDITIONAL_ACTION_V2'
	));
	
	ALTER TABLE "StoryTaskOutbox" DROP CONSTRAINT IF EXISTS "StoryTaskOutbox_outcome_check";
	ALTER TABLE "StoryTaskOutbox" ADD CONSTRAINT "StoryTaskOutbox_outcome_check"
	CHECK (
	    "outcome" IS NULL
	    OR "outcome" IN (
	        'SEALED_ACT',
	        'SEALED_FALLBACK',
	        'PASS',
	        'STALE',
	        'NO_OP',
	        'RESOLVED',
	        'REPAIRED',
	        'COMPLETED',
	        'ACTOR_OPENING_READY',
	        'ACTOR_TURN_RESOLVED',
	        'ACTOR_RESULT_ALREADY_PUBLISHED',
	        'ACTOR_RESULT_PUBLISHED',
	        'ACTOR_IMPACT_PUBLISHED',
	        'AGENT_CONTROL_ENDED',
	        'TURN_ALREADY_MOVED',
	        'TARGET_STORY_COMPLETED',
	        'CONDITION_ALREADY_SETTLED',
	        'CONDITION_EXPIRED',
	        'CONDITION_INVALID',
	        'CONDITION_RULES_CONFIRMED',
	        'CONTROL_RECLAIMED'
	    )
	);
	
	ALTER TABLE "StoryTaskOutbox" DROP CONSTRAINT IF EXISTS "StoryTaskOutbox_dedupe_format_check";
	ALTER TABLE "StoryTaskOutbox" ADD CONSTRAINT "StoryTaskOutbox_dedupe_format_check"
	CHECK (
	    "dedupeKey" LIKE 'RESOLVE_LEGACY:%'
	    OR "dedupeKey" LIKE 'RESOLVE:%'
	    OR "dedupeKey" LIKE 'RESOLVE_WINDOW:%'
	    OR "dedupeKey" LIKE 'PROJECT_REPAIR:%'
	    OR "dedupeKey" LIKE 'AI_TAKEOVER:%'
	    OR "dedupeKey" LIKE 'ROLE_AGENT:%'
	    OR "dedupeKey" LIKE 'ACTOR_OPENING_V2:%'
	    OR "dedupeKey" LIKE 'ACTOR_AGENT_TURN_V2:%'
	    OR "dedupeKey" LIKE 'ACTOR_RESULT_V2:%'
	    OR "dedupeKey" LIKE 'ACTOR_IMPACT_V2:%'
	    OR "dedupeKey" LIKE 'CONDITIONAL_ACTION_V2:%'
	);
	
172.17.0.1 2026-08-10 17:09:01.394 UTC [258] postgres@postgres LOG:  statement: -- Independent Solo story generation attempts. This migration is additive: it
	-- does not alter or delete any legacy/V2 story data.
	CREATE TABLE "SoloGenerationAttempt" (
	    "id" TEXT NOT NULL,
	    "runId" TEXT NOT NULL,
	    "actorTurnId" TEXT,
	    "submissionId" TEXT,
	    "supersedesAttemptId" TEXT,
	    "triggerType" TEXT NOT NULL,
	    "status" TEXT NOT NULL DEFAULT 'ACTION_RESERVED',
	    "contextSnapshotId" TEXT,
	    "contextSnapshotHash" TEXT,
	    "promptContractVersion" TEXT NOT NULL,
	    "storyPackageVersion" TEXT NOT NULL,
	    "storyPackageHash" TEXT NOT NULL,
	    "idempotencyKey" TEXT NOT NULL,
	    "leaseOwner" TEXT,
	    "leaseExpiresAt" TIMESTAMP(3),
	    "providerCallCount" INTEGER NOT NULL DEFAULT 0,
	    "providerRequestId" TEXT,
	    "confirmedResolutionJson" JSONB,
	    "contextReportJson" JSONB,
	    "rawOutput" TEXT,
	    "parsedOutput" JSONB,
	    "issueCodesJson" JSONB NOT NULL,
	    "failureReason" TEXT,
	    "timingsJson" JSONB,
	    "startedAt" TIMESTAMP(3),
	    "finishedAt" TIMESTAMP(3),
	    "createdAt" TIMESTAMP(3) NOT NULL DEFAULT CURRENT_TIMESTAMP,
	    "updatedAt" TIMESTAMP(3) NOT NULL,
	
	    CONSTRAINT "SoloGenerationAttempt_pkey" PRIMARY KEY ("id")
	);
	
	CREATE UNIQUE INDEX "SoloGenerationAttempt_idempotencyKey_key"
	ON "SoloGenerationAttempt"("idempotencyKey");
	
	CREATE INDEX "SoloGenerationAttempt_runId_status_createdAt_idx"
	ON "SoloGenerationAttempt"("runId", "status", "createdAt");
	
	CREATE INDEX "SoloGenerationAttempt_runId_actorTurnId_createdAt_idx"
	ON "SoloGenerationAttempt"("runId", "actorTurnId", "createdAt");
	
	CREATE INDEX "SoloGenerationAttempt_runId_submissionId_idx"
	ON "SoloGenerationAttempt"("runId", "submissionId");
	
	CREATE INDEX "SoloGenerationAttempt_supersedesAttemptId_idx"
	ON "SoloGenerationAttempt"("supersedesAttemptId");
	
	CREATE INDEX "SoloGenerationAttempt_leaseExpiresAt_idx"
	ON "SoloGenerationAttempt"("leaseExpiresAt");
	
	ALTER TABLE "SoloGenerationAttempt"
	ADD CONSTRAINT "SoloGenerationAttempt_runId_fkey"
	FOREIGN KEY ("runId") REFERENCES "StoryRun"("id")
	ON DELETE CASCADE ON UPDATE CASCADE;
	
172.17.0.1 2026-08-10 17:09:01.405 UTC [258] postgres@postgres LOG:  statement: -- Solo Story Engine seals one PlayerAction per independent ActorTurn.
	-- Preserve existing slots while allowing Solo turn ids and clarification markers.
	ALTER TABLE "PlayerAction" DROP CONSTRAINT IF EXISTS "PlayerAction_action_slot_check";
	ALTER TABLE "PlayerAction" ADD CONSTRAINT "PlayerAction_action_slot_check"
	CHECK (
	    "actionSlot" IS NULL
	    OR "actionSlot" IN ('MAIN', 'MANEUVER', 'REACTION', 'SYSTEM_ACTION')
	    OR "actionSlot" LIKE 'TURN:%'
	    OR "actionSlot" LIKE 'SOLO:%'
	    OR "actionSlot" LIKE 'SOLO_CLARIFICATION:%'
	);
	
172.17.0.1 2026-08-10 17:09:01.408 UTC [258] postgres@postgres LOG:  statement: -- Active-action World Credits is additive. Existing runs stay on the legacy
	-- world-unlock policy; only newly created runs can opt into active_action_v1.
	ALTER TYPE "CreditLedgerReason" ADD VALUE IF NOT EXISTS 'RUN_CREATE';
	ALTER TYPE "CreditLedgerReason" ADD VALUE IF NOT EXISTS 'PLAYER_ACTION';
	ALTER TYPE "CreditLedgerReason" ADD VALUE IF NOT EXISTS 'RUN_SPONSORSHIP';
	
	CREATE TYPE "CreditChargeType" AS ENUM ('RUN_CREATE', 'PLAYER_ACTION');
	CREATE TYPE "CreditChargeStatus" AS ENUM ('SHADOW', 'RESERVED', 'COMMITTED', 'RELEASED');
	CREATE TYPE "CreditChargeAllocationSource" AS ENUM ('RUN_ALLOWANCE', 'PERSONAL_WALLET');
	CREATE TYPE "RunCreditAllowanceStatus" AS ENUM ('ACTIVE', 'EXHAUSTED', 'EXPIRED');
	CREATE TYPE "SponsorshipRequestStatus" AS ENUM ('PENDING', 'APPROVED', 'DECLINED', 'EXPIRED');
	CREATE TYPE "SponsorshipRequestOrigin" AS ENUM ('FIRST_INSUFFICIENT', 'MANUAL');
	
	ALTER TABLE "StoryRun"
	  ADD COLUMN "billingPolicyVersion" TEXT NOT NULL DEFAULT 'world_unlock_v1',
	  ADD COLUMN "billingPriceJson" JSONB NOT NULL DEFAULT '{}'::jsonb,
	  ADD COLUMN "reservedWorldSequence" INTEGER NOT NULL DEFAULT 0;
	
	UPDATE "StoryRun" SET "reservedWorldSequence" = "worldSequence";
	
	DROP INDEX IF EXISTS "ActorTurn_threadId_turnIndex_key";
	CREATE UNIQUE INDEX "ActorTurn_threadId_turnIndex_revision_key" ON "ActorTurn"("threadId", "turnIndex", "revision");
	
	CREATE TABLE "CreditCharge" (
	  "id" TEXT NOT NULL,
	  "runId" TEXT,
	  "beneficiaryUserId" TEXT NOT NULL,
	  "playerActionId" TEXT,
	  "chargeType" "CreditChargeType" NOT NULL,
	  "actionClass" TEXT NOT NULL,
	  "status" "CreditChargeStatus" NOT NULL DEFAULT 'RESERVED',
	  "amount" INTEGER NOT NULL,
	  "allowanceAmount" INTEGER NOT NULL DEFAULT 0,
	  "walletAmount" INTEGER NOT NULL DEFAULT 0,
	  "personalDebitLedgerId" TEXT,
	  "personalRefundLedgerId" TEXT,
	  "idempotencyKey" TEXT NOT NULL,
	  "requestHash" TEXT NOT NULL,
	  "failureCode" TEXT,
	  "expiresAt" TIMESTAMP(3),
	  "committedAt" TIMESTAMP(3),
	  "releasedAt" TIMESTAMP(3),
	  "metadataJson" JSONB,
	  "createdAt" TIMESTAMP(3) NOT NULL DEFAULT CURRENT_TIMESTAMP,
	  "updatedAt" TIMESTAMP(3) NOT NULL,
	  CONSTRAINT "CreditCharge_pkey" PRIMARY KEY ("id")
	);
	
	CREATE TABLE "CreditChargeAllocation" (
	  "id" TEXT NOT NULL,
	  "allocationKey" TEXT NOT NULL,
	  "chargeId" TEXT NOT NULL,
	  "source" "CreditChargeAllocationSource" NOT NULL,
	  "allowanceId" TEXT,
	  "ledgerId" TEXT,
	  "amount" INTEGER NOT NULL,
	  "status" "CreditChargeStatus" NOT NULL DEFAULT 'RESERVED',
	  "createdAt" TIMESTAMP(3) NOT NULL DEFAULT CURRENT_TIMESTAMP,
	  "updatedAt" TIMESTAMP(3) NOT NULL,
	  CONSTRAINT "CreditChargeAllocation_pkey" PRIMARY KEY ("id")
	);
	
	CREATE TABLE "RunCreditAllowance" (
	  "id" TEXT NOT NULL,
	  "runId" TEXT NOT NULL,
	  "sponsorUserId" TEXT NOT NULL,
	  "beneficiaryUserId" TEXT NOT NULL,
	  "fundedAmount" INTEGER NOT NULL,
	  "remainingAmount" INTEGER NOT NULL,
	  "status" "RunCreditAllowanceStatus" NOT NULL DEFAULT 'ACTIVE',
	  "fundingLedgerId" TEXT NOT NULL,
	  "idempotencyKey" TEXT NOT NULL,
	  "expiresAt" TIMESTAMP(3),
	  "createdAt" TIMESTAMP(3) NOT NULL DEFAULT CURRENT_TIMESTAMP,
	  "updatedAt" TIMESTAMP(3) NOT NULL,
	  CONSTRAINT "RunCreditAllowance_pkey" PRIMARY KEY ("id")
	);
	
	CREATE TABLE "SponsorshipRequest" (
	  "id" TEXT NOT NULL,
	  "runId" TEXT NOT NULL,
	  "hostUserId" TEXT NOT NULL,
	  "beneficiaryUserId" TEXT NOT NULL,
	  "status" "SponsorshipRequestStatus" NOT NULL DEFAULT 'PENDING',
	  "origin" "SponsorshipRequestOrigin" NOT NULL,
	  "automaticPromptKey" TEXT,
	  "idempotencyKey" TEXT NOT NULL,
	  "allowanceId" TEXT,
	  "createdAt" TIMESTAMP(3) NOT NULL DEFAULT CURRENT_TIMESTAMP,
	  "resolvedAt" TIMESTAMP(3),
	  CONSTRAINT "SponsorshipRequest_pkey" PRIMARY KEY ("id")
	);
	
	CREATE UNIQUE INDEX "CreditCharge_playerActionId_key" ON "CreditCharge"("playerActionId");
	CREATE UNIQUE INDEX "CreditCharge_personalDebitLedgerId_key" ON "CreditCharge"("personalDebitLedgerId");
	CREATE UNIQUE INDEX "CreditCharge_personalRefundLedgerId_key" ON "CreditCharge"("personalRefundLedgerId");
	CREATE UNIQUE INDEX "CreditCharge_idempotencyKey_key" ON "CreditCharge"("idempotencyKey");
	CREATE INDEX "CreditCharge_runId_status_createdAt_idx" ON "CreditCharge"("runId", "status", "createdAt");
	CREATE INDEX "CreditCharge_beneficiaryUserId_createdAt_idx" ON "CreditCharge"("beneficiaryUserId", "createdAt");
	CREATE INDEX "CreditCharge_status_expiresAt_idx" ON "CreditCharge"("status", "expiresAt");
	
	CREATE UNIQUE INDEX "CreditChargeAllocation_allocationKey_key" ON "CreditChargeAllocation"("allocationKey");
	CREATE INDEX "CreditChargeAllocation_allowanceId_status_idx" ON "CreditChargeAllocation"("allowanceId", "status");
	
	CREATE UNIQUE INDEX "RunCreditAllowance_fundingLedgerId_key" ON "RunCreditAllowance"("fundingLedgerId");
	CREATE UNIQUE INDEX "RunCreditAllowance_idempotencyKey_key" ON "RunCreditAllowance"("idempotencyKey");
	CREATE INDEX "RunCreditAllowance_runId_beneficiaryUserId_status_createdAt_idx" ON "RunCreditAllowance"("runId", "beneficiaryUserId", "status", "createdAt");
	CREATE INDEX "RunCreditAllowance_sponsorUserId_createdAt_idx" ON "RunCreditAllowance"("sponsorUserId", "createdAt");
	
	CREATE UNIQUE INDEX "SponsorshipRequest_automaticPromptKey_key" ON "SponsorshipRequest"("automaticPromptKey");
	CREATE UNIQUE INDEX "SponsorshipRequest_idempotencyKey_key" ON "SponsorshipRequest"("idempotencyKey");
	CREATE UNIQUE INDEX "SponsorshipRequest_allowanceId_key" ON "SponsorshipRequest"("allowanceId");
	CREATE INDEX "SponsorshipRequest_runId_hostUserId_status_createdAt_idx" ON "SponsorshipRequest"("runId", "hostUserId", "status", "createdAt");
	CREATE INDEX "SponsorshipRequest_runId_beneficiaryUserId_createdAt_idx" ON "SponsorshipRequest"("runId", "beneficiaryUserId", "createdAt");
	
	ALTER TABLE "CreditChargeAllocation"
	  ADD CONSTRAINT "CreditChargeAllocation_chargeId_fkey"
	  FOREIGN KEY ("chargeId") REFERENCES "CreditCharge"("id") ON DELETE CASCADE ON UPDATE CASCADE;
	
172.17.0.1 2026-08-10 17:09:01.438 UTC [258] postgres@postgres LOG:  statement: -- Maneuver V1 gives each role two independently idempotent opportunities in
	-- the same scene. Keep the existing action-slot vocabulary while admitting
	-- the two bounded slots used by the authoritative Preview/Commit engine.
	ALTER TABLE "PlayerAction" DROP CONSTRAINT IF EXISTS "PlayerAction_action_slot_check";
	ALTER TABLE "PlayerAction" ADD CONSTRAINT "PlayerAction_action_slot_check"
	CHECK (
	    "actionSlot" IS NULL
	    OR "actionSlot" IN (
	        'MAIN',
	        'MANEUVER',
	        'MANEUVER_1',
	        'MANEUVER_2',
	        'REACTION',
	        'SYSTEM_ACTION'
	    )
	    OR "actionSlot" LIKE 'TURN:%'
	    OR "actionSlot" LIKE 'SOLO:%'
	    OR "actionSlot" LIKE 'SOLO_CLARIFICATION:%'
	);
	
172.17.0.1 2026-08-10 17:09:01.441 UTC [258] postgres@postgres LOG:  statement: -- Maneuver V1 distinguishes a private action from an action addressed to a
	-- specific role. Preserve every existing PlayerAction visibility while
	-- admitting that world-independent TARGETED audience contract.
	ALTER TABLE "PlayerAction" DROP CONSTRAINT IF EXISTS "PlayerAction_visibility_check";
	ALTER TABLE "PlayerAction" ADD CONSTRAINT "PlayerAction_visibility_check"
	CHECK (
	    "visibility" IS NULL
	    OR "visibility" IN ('PUBLIC', 'OBSERVABLE', 'LIMITED', 'PRIVATE', 'TARGETED')
	);
	
172.17.0.1 2026-08-10 17:09:01.444 UTC [258] postgres@postgres LOG:  statement: -- Keep the durable RoleControl audit vocabulary aligned with every reason
	-- emitted by the current multiplayer, Solo and B0 runtimes. The prior
	-- presence-session migration predates B0 and later credit/reclaim paths, so a
	-- fresh PostgreSQL migration rejected legitimate runtime rows with SQLSTATE
	-- 23514 before the first synchronized window could open.
	ALTER TABLE "RoleControl" DROP CONSTRAINT IF EXISTS "RoleControl_reason_check";
	
	ALTER TABLE "RoleControl" ADD CONSTRAINT "RoleControl_reason_check"
	CHECK (
	    "reason" IS NULL
	    OR "reason" IN (
	        'B0_INITIAL_ROLE_BINDING',
	        'CREDITS_INSUFFICIENT',
	        'DISCONNECT_DETECTED',
	        'DISCONNECT_TIMEOUT',
	        'EXPLICIT_EXIT',
	        'EXPLICIT_HANDOFF',
	        'HEARTBEAT_RECOVERED',
	        'HUMAN_RECLAIM',
	        'INITIAL_AI_AGENT',
	        'INSUFFICIENT_WORLD_CREDITS',
	        'PLAYER_LEFT_STAGE_AFTER_DONE',
	        'PLAYER_RECLAIMED',
	        'PLAYER_RECLAIM_SCHEDULED',
	        'RECLAIM_EFFECTIVE_NEXT_ACTOR_TURN',
	        'RECLAIM_EFFECTIVE_NEXT_WINDOW',
	        'ROOM_STARTED',
	        'SYSTEM',
	        'SYSTEM_ROLE'
	    )
	);
	
172.17.0.1 2026-08-10 17:09:01.447 UTC [258] postgres@postgres LOG:  statement: -- Align the durable PostgreSQL allowlists with the B0 synchronized-settlement
	-- runtime while preserving every value admitted by the existing continuous,
	-- OpenNovel, Solo and maneuver engines. This migration is intentionally
	-- additive at the vocabulary level and does not rewrite application data.
	
	ALTER TABLE "ActionWindow" DROP CONSTRAINT IF EXISTS "ActionWindow_status_check";
	ALTER TABLE "ActionWindow" ADD CONSTRAINT "ActionWindow_status_check"
	CHECK ("status" IN (
	    'PREPARING',
	    'MAIN_OPEN',
	    'INTERACTION_GRACE',
	    'CLOSING',
	    'RESOLVING',
	    'PROJECTING',
	    'RESOLVED',
	    'OPEN',
	    'LOCKED',
	    'SETTLING',
	    'COMMITTED',
	    'PUBLISHING',
	    'COMPLETED',
	    'FAILED_RETRYABLE',
	    'FAILED_HARD',
	    'ABORTED'
	));
	
	ALTER TABLE "ActionWindow" DROP CONSTRAINT IF EXISTS "ActionWindow_closing_reason_check";
	ALTER TABLE "ActionWindow" ADD CONSTRAINT "ActionWindow_closing_reason_check"
	CHECK (
	    "closingReason" IS NULL
	    OR "closingReason" IN (
	        'ALL_DONE',
	        'ALL_LAYOUTS_DONE',
	        'MAIN_TIMEOUT',
	        'GRACE_TIMEOUT',
	        'GRACE_DEADLINE',
	        'ADMIN_FORCE',
	        'ALL_READY',
	        'DEADLINE',
	        'IMMEDIATE'
	    )
	);
	
	ALTER TABLE "ActionWindowParticipant" DROP CONSTRAINT IF EXISTS "ActionWindowParticipant_main_status_check";
	ALTER TABLE "ActionWindowParticipant" ADD CONSTRAINT "ActionWindowParticipant_main_status_check"
	CHECK ("mainStatus" IN (
	    'PENDING',
	    'SUBMITTED',
	    'TIMED_OUT',
	    'B0_PENDING',
	    'B0_READY',
	    'B0_LOCKED',
	    'B0_COMMITTED',
	    'B0_COMPLETED'
	));
	
	ALTER TABLE "PlayerAction" DROP CONSTRAINT IF EXISTS "PlayerAction_action_slot_check";
	ALTER TABLE "PlayerAction" ADD CONSTRAINT "PlayerAction_action_slot_check"
	CHECK (
	    "actionSlot" IS NULL
	    OR "actionSlot" IN (
	        'MAIN',
	        'MANEUVER',
	        'MANEUVER_1',
	        'MANEUVER_2',
	        'REACTION',
	        'SYSTEM_ACTION',
	        'B0_PRIMARY'
	    )
	    OR "actionSlot" LIKE 'TURN:%'
	    OR "actionSlot" LIKE 'SOLO:%'
	    OR "actionSlot" LIKE 'SOLO_CLARIFICATION:%'
	    OR "actionSlot" LIKE 'CONDITION:%'
	);
	
	ALTER TABLE "PlayerAction" DROP CONSTRAINT IF EXISTS "PlayerAction_actor_kind_check";
	ALTER TABLE "PlayerAction" ADD CONSTRAINT "PlayerAction_actor_kind_check"
	CHECK (
	    "actorKind" IS NULL
	    OR "actorKind" IN (
	        'HUMAN',
	        'AI',
	        'AI_TAKEOVER',
	        'SYSTEM',
	        'TIMEOUT_FALLBACK',
	        'LEGACY_AI',
	        'CONDITIONAL'
	    )
	);
	
	ALTER TABLE "StoryEvent" DROP CONSTRAINT IF EXISTS "StoryEvent_audience_type_check";
	ALTER TABLE "StoryEvent" ADD CONSTRAINT "StoryEvent_audience_type_check"
	CHECK (
	    "audienceType" IS NULL
	    OR "audienceType" IN (
	        'ALL_MEMBERS',
	        'ROLE',
	        'MEMBER',
	        'PUBLIC',
	        'OBSERVABLE',
	        'LIMITED',
	        'PRIVATE',
	        'SYSTEM'
	    )
	);
	
	ALTER TABLE "StoryTaskOutbox" DROP CONSTRAINT IF EXISTS "StoryTaskOutbox_task_type_check";
	ALTER TABLE "StoryTaskOutbox" ADD CONSTRAINT "StoryTaskOutbox_task_type_check"
	CHECK ("taskType" IN (
	    'resolve_node',
	    'RESOLVE_WINDOW',
	    'PROJECT_REPAIR',
	    'ROLE_AGENT_DECISION',
	    'ACTOR_OPENING_V2',
	    'ACTOR_AGENT_TURN_V2',
	    'ACTOR_RESULT_V2',
	    'ACTOR_IMPACT_V2',
	    'CONDITIONAL_ACTION_V2',
	    'B0_SETTLEMENT_REQUESTED',
	    'B0_PUBLISH_STRUCTURED_RESULTS',
	    'B0_NARRATIVE_GENERATION',
	    'B0_WINDOW_EVENT'
	));
	
	ALTER TABLE "StoryTaskOutbox" DROP CONSTRAINT IF EXISTS "StoryTaskOutbox_outcome_check";
	ALTER TABLE "StoryTaskOutbox" ADD CONSTRAINT "StoryTaskOutbox_outcome_check"
	CHECK (
	    "outcome" IS NULL
	    OR "outcome" IN (
	        'SEALED_ACT',
	        'SEALED_FALLBACK',
	        'PASS',
	        'STALE',
	        'NO_OP',
	        'RESOLVED',
	        'REPAIRED',
	        'COMPLETED',
	        'ACTOR_OPENING_READY',
	        'ACTOR_TURN_RESOLVED',
	        'ACTOR_RESULT_ALREADY_PUBLISHED',
	        'ACTOR_RESULT_PUBLISHED',
	        'ACTOR_IMPACT_PUBLISHED',
	        'AGENT_CONTROL_ENDED',
	        'TURN_ALREADY_MOVED',
	        'TARGET_STORY_COMPLETED',
	        'CONDITION_ALREADY_SETTLED',
	        'CONDITION_EXPIRED',
	        'CONDITION_INVALID',
	        'CONDITION_RULES_CONFIRMED',
	        'CONTROL_RECLAIMED',
	        'COMMITTED',
	        'ALREADY_COMMITTED',
	        'PUBLISHED',
	        'ALREADY_PUBLISHED',
	        'NARRATED',
	        'RECORDED'
	    )
	);
	
	ALTER TABLE "StoryTaskOutbox" DROP CONSTRAINT IF EXISTS "StoryTaskOutbox_dedupe_format_check";
	ALTER TABLE "StoryTaskOutbox" ADD CONSTRAINT "StoryTaskOutbox_dedupe_format_check"
	CHECK (
	    "dedupeKey" LIKE 'RESOLVE_LEGACY:%'
	    OR "dedupeKey" LIKE 'RESOLVE:%'
	    OR "dedupeKey" LIKE 'RESOLVE_WINDOW:%'
	    OR "dedupeKey" LIKE 'PROJECT_REPAIR:%'
	    OR "dedupeKey" LIKE 'AI_TAKEOVER:%'
	    OR "dedupeKey" LIKE 'ROLE_AGENT:%'
	    OR "dedupeKey" LIKE 'ACTOR_OPENING_V2:%'
	    OR "dedupeKey" LIKE 'ACTOR_AGENT_TURN_V2:%'
	    OR "dedupeKey" LIKE 'ACTOR_RESULT_V2:%'
	    OR "dedupeKey" LIKE 'ACTOR_IMPACT_V2:%'
	    OR "dedupeKey" LIKE 'CONDITIONAL_ACTION_V2:%'
	    OR "dedupeKey" LIKE 'b0-%'
	);
	
	ALTER TABLE "ResolutionWorkflow" DROP CONSTRAINT IF EXISTS "ResolutionWorkflow_status_check";
	ALTER TABLE "ResolutionWorkflow" ADD CONSTRAINT "ResolutionWorkflow_status_check"
	CHECK ("status" IN (
	    'RUNNING',
	    'COMPLETED',
	    'FAILED',
	    'B0_PREPARED',
	    'B0_RESOLVING'
	));
	
	ALTER TABLE "ResolutionCheckpoint" DROP CONSTRAINT IF EXISTS "ResolutionCheckpoint_key_check";
	ALTER TABLE "ResolutionCheckpoint" ADD CONSTRAINT "ResolutionCheckpoint_key_check"
	CHECK (
	    "checkpointKey" IN (
	        'RULES_APPLIED',
	        'PUBLIC_PROJECTED',
	        'PUBLISHED',
	        'NEXT_WINDOW_OPENED',
	        'RUN_COMPLETED',
	        'B0_BATCH_COMMITTED'
	    )
	    OR "checkpointKey" ~ '^ROLE_PROJECTED:[^:]+$'
	);
	
172.17.0.1 2026-08-10 17:10:01.373 UTC [436] postgres@postgres ERROR:  could not serialize access due to read/write dependencies among transactions
172.17.0.1 2026-08-10 17:10:01.373 UTC [436] postgres@postgres DETAIL:  Reason code: Canceled on identification as a pivot, during conflict in checking.
172.17.0.1 2026-08-10 17:10:01.373 UTC [436] postgres@postgres HINT:  The transaction might succeed if retried.
172.17.0.1 2026-08-10 17:10:01.373 UTC [436] postgres@postgres STATEMENT:  INSERT INTO "cs_accept_b0_31412217066_1_793708e7"."ActionWindow" ("id","runId","nodeId","status","mainOpenedAt","mainClosesAt","openingSnapshotVersion","projectionVersion","version","configJson","createdAt","updatedAt") VALUES ($1,$2,$3,$4,$5,$6,$7,$8,$9,$10,$11,$12) RETURNING "cs_accept_b0_31412217066_1_793708e7"."ActionWindow"."id", "cs_accept_b0_31412217066_1_793708e7"."ActionWindow"."runId", "cs_accept_b0_31412217066_1_793708e7"."ActionWindow"."nodeId", "cs_accept_b0_31412217066_1_793708e7"."ActionWindow"."status", "cs_accept_b0_31412217066_1_793708e7"."ActionWindow"."mainOpenedAt", "cs_accept_b0_31412217066_1_793708e7"."ActionWindow"."mainClosesAt", "cs_accept_b0_31412217066_1_793708e7"."ActionWindow"."graceOpenedAt", "cs_accept_b0_31412217066_1_793708e7"."ActionWindow"."graceMinClosesAt", "cs_accept_b0_31412217066_1_793708e7"."ActionWindow"."graceClosesAt", "cs_accept_b0_31412217066_1_793708e7"."ActionWindow"."aiQueueDrainedAt", "cs_accept_b0_31412217066_1_793708e7"."ActionWindow"."closingReason", "cs_accept_b0_31412217066_1_793708e7"."ActionWindow"."resolutionTaskId", "cs_accept_b0_31412217066_1_793708e7"."ActionWindow"."openingSnapshotVersion", "cs_accept_b0_31412217066_1_793708e7"."ActionWindow"."projectionVersion", "cs_accept_b0_31412217066_1_793708e7"."ActionWindow"."version", "cs_accept_b0_31412217066_1_793708e7"."ActionWindow"."resolvedAt", "cs_accept_b0_31412217066_1_793708e7"."ActionWindow"."configJson", "cs_accept_b0_31412217066_1_793708e7"."ActionWindow"."createdAt", "cs_accept_b0_31412217066_1_793708e7"."ActionWindow"."updatedAt"
172.17.0.1 2026-08-10 17:11:20.038 UTC [668] postgres@postgres ERROR:  could not serialize access due to concurrent update
172.17.0.1 2026-08-10 17:11:20.038 UTC [668] postgres@postgres STATEMENT:  UPDATE "cs_accept_b0_31412217066_1_793708e7"."ActionWindowParticipant" SET "mainStatus" = $1, "doneAt" = $2, "version" = ("cs_accept_b0_31412217066_1_793708e7"."ActionWindowParticipant"."version" + $3) WHERE ("cs_accept_b0_31412217066_1_793708e7"."ActionWindowParticipant"."id" = $4 AND "cs_accept_b0_31412217066_1_793708e7"."ActionWindowParticipant"."version" = $5 AND "cs_accept_b0_31412217066_1_793708e7"."ActionWindowParticipant"."mainStatus" = $6)
172.17.0.1 2026-08-10 17:11:20.099 UTC [668] postgres@postgres ERROR:  could not serialize access due to concurrent update
172.17.0.1 2026-08-10 17:11:20.099 UTC [668] postgres@postgres STATEMENT:  INSERT INTO "cs_accept_b0_31412217066_1_793708e7"."PlayerAction" ("id","runId","nodeId","chapterIndex","roleId","playerType","actionType","targetType","targetId","targetText","method","intent","riskLevel","normalizedJson","guardStatus","auditStatus","status","actionSlot","actorKind","controlEpoch","actionKey","idempotencyKey","requestHash","visibility","createdAt","updatedAt") VALUES ($1,$2,$3,$4,$5,$6,$7,$8,$9,$10,$11,$12,$13,$14,$15,$16,$17,$18,$19,$20,$21,$22,$23,$24,$25,$26) ON CONFLICT ("nodeId","roleId","actionSlot") DO UPDATE SET "actionType" = $27, "targetType" = $28, "targetId" = $29, "targetText" = $30, "method" = $31, "intent" = $32, "riskLevel" = $33, "normalizedJson" = $34, "guardStatus" = $35, "auditStatus" = $36, "status" = $37, "actorKind" = $38, "controlEpoch" = $39, "requestHash" = $40, "visibility" = $41, "updatedAt" = $42 WHERE (("cs_accept_b0_31412217066_1_793708e7"."PlayerAction"."nodeId" = $43 AND "cs_accept_b0_31412217066_1_793708e7"."PlayerAction"."roleId" = $44 AND "cs_accept_b0_31412217066_1_793708e7"."PlayerAction"."actionSlot" = $45) AND 1=1) RETURNING "cs_accept_b0_31412217066_1_793708e7"."PlayerAction"."id", "cs_accept_b0_31412217066_1_793708e7"."PlayerAction"."runId", "cs_accept_b0_31412217066_1_793708e7"."PlayerAction"."nodeId", "cs_accept_b0_31412217066_1_793708e7"."PlayerAction"."chapterIndex", "cs_accept_b0_31412217066_1_793708e7"."PlayerAction"."userId", "cs_accept_b0_31412217066_1_793708e7"."PlayerAction"."roleId", "cs_accept_b0_31412217066_1_793708e7"."PlayerAction"."playerType", "cs_accept_b0_31412217066_1_793708e7"."PlayerAction"."actionType", "cs_accept_b0_31412217066_1_793708e7"."PlayerAction"."targetType", "cs_accept_b0_31412217066_1_793708e7"."PlayerAction"."targetId", "cs_accept_b0_31412217066_1_793708e7"."PlayerAction"."targetText", "cs_accept_b0_31412217066_1_793708e7"."PlayerAction"."method", "cs_accept_b0_31412217066_1_793708e7"."PlayerAction"."intent", "cs_accept_b0_31412217066_1_793708e7"."PlayerAction"."riskLevel", "cs_accept_b0_31412217066_1_793708e7"."PlayerAction"."freeText", "cs_accept_b0_31412217066_1_793708e7"."PlayerAction"."normalizedJson", "cs_accept_b0_31412217066_1_793708e7"."PlayerAction"."guardStatus", "cs_accept_b0_31412217066_1_793708e7"."PlayerAction"."guardReason", "cs_accept_b0_31412217066_1_793708e7"."PlayerAction"."auditStatus", "cs_accept_b0_31412217066_1_793708e7"."PlayerAction"."status", "cs_accept_b0_31412217066_1_793708e7"."PlayerAction"."actionSlot", "cs_accept_b0_31412217066_1_793708e7"."PlayerAction"."actorKind", "cs_accept_b0_31412217066_1_793708e7"."PlayerAction"."controlEpoch", "cs_accept_b0_31412217066_1_793708e7"."PlayerAction"."policyVersion", "cs_accept_b0_31412217066_1_793708e7"."PlayerAction"."provider", "cs_accept_b0_31412217066_1_793708e7"."PlayerAction"."modelName", "cs_accept_b0_31412217066_1_793708e7"."PlayerAction"."actionKey", "cs_accept_b0_31412217066_1_793708e7"."PlayerAction"."idempotencyKey", "cs_accept_b0_31412217066_1_793708e7"."PlayerAction"."requestHash", "cs_accept_b0_31412217066_1_793708e7"."PlayerAction"."sourceInteractionRequestId", "cs_accept_b0_31412217066_1_793708e7"."PlayerAction"."visibility", "cs_accept_b0_31412217066_1_793708e7"."PlayerAction"."targetRoleId", "cs_accept_b0_31412217066_1_793708e7"."PlayerAction"."leverageKey", "cs_accept_b0_31412217066_1_793708e7"."PlayerAction"."sealedAt", "cs_accept_b0_31412217066_1_793708e7"."PlayerAction"."expiresAt", "cs_accept_b0_31412217066_1_793708e7"."PlayerAction"."immediateJson", "cs_accept_b0_31412217066_1_793708e7"."PlayerAction"."resolvedJson", "cs_accept_b0_31412217066_1_793708e7"."PlayerAction"."resolvedAt", "cs_accept_b0_31412217066_1_793708e7"."PlayerAction"."createdAt", "cs_accept_b0_31412217066_1_793708e7"."PlayerAction"."updatedAt"
127.0.0.1 2026-08-10 17:12:13.408 UTC [958] postgres@postgres LOG:  statement: DROP SCHEMA "cs_accept_b0_31412217066_1_793708e7" CASCADE;
